1146,867,439,896,1353,1231,5011,1341,638,1510,4928,8076,4331,2598,12196,12356,8796,1066,6655,635,4991,856,5856,7495,3919,1299,424,1826,7842,6864,1424,6909,1458,9940,5662,8481,9572,4175,3289,173,16212,19009,2214,2696,863
342,186,264,329,244,244,165,291,246,1242,1068,440,480,894,699,702,694,1549,1051,450,979,793,592,1516,1210,441,1124,1506,1021,1162,1012,927,1382,807,607,258,576,911,959,1171,484,1352,1069,755,1286
876,365,201,212,1484,874,359,434,348,6477,3842,2101,3504,3569,3740,3520,5580,8523,9423,1460,7406,6103,3974,4371,4807,1376,10210,2544,4341,4923,6436,2500,6728,2481,5592,5574,4142,2735,5332,1793,5634,7141,1478,4235,1476
162809,188547,226588,168690,112992,188332,185007,254341,246125,386658,89212,78867,51709,23136,59538,126489,103790,13989,72375,85249,8487,52712,31529,97459,69710,58108,25245,168837,72345,139603,59684,211496,82863,53346,102662,32901,94387,181798,143659,6156,110892,89468,21855,18243,75801
746,436,199,430,481,612,482,303,317,2768,3888,5377,11364,2876,6196,7140,5024,4974,6252,496,4850,4312,4207,10103,6095,5273,8133,8420,5633,6011,6130,3680,2112,4793,3329,4944,3234,6225,9307,3368,4399,3699,8011,2655,9389
723,363,537,457,600,704,477,494,593,3121,3431,5321,2892,3147,5617,6813,5581,1116,3062,949,4111,3937,6956,11285,9634,1245,1529,3751,12234,4824,6981,2508,5144,21025,4151,6393,10336,4204,2632,13545,5922,12506,1800,4311,2224
169,65,48,81,162,162,51,47,78,832,586,200,1678,2381,1512,166,565,320,638,38,1563,351,395,629,2364,829,161,1919,537,1093,114,146,10906,172,851,74,407,74,421,1460,110,170,613,458,560
1287,1594,1564,1920,1126,1509,1481,1599,1506,2980,3655,3733,2598,2452,4387,2252,3400,3340,2977,2004,2357,3492,3284,5184,2997,2466,3193,4363,2645,3130,3706,3849,1998,3924,2263,2278,4454,3216,3542,4174,3088,2720,3784,2887,4190
1529,1222,1570,2737,1123,1317,1904,1923,1889,996,5821,2815,4456,3187,5299,4415,4759,5087,4653,2356,3404,4035,5450,6749,2610,1672,7785,3141,4812,4091,3408,4760,1656,4962,2892,3765,5155,4661,3105,5528,4162,5890,5460,5221,2016
25567,28985,28251,36222,10574,25195,23659,55224,31668,19,17,7,4426,2,2642,29,5,701,125,2391,2,18,14,0,23,0,2382,30,3752,2,0,27,5,0,4472,10,1195,21,1340,50,18,3517,679,7,59
544,435,410,501,180,781,397,522,368,2188,393,1462,869,4503,1755,1315,3569,3401,3494,1868,1497,865,1030,5858,1921,999,1777,3109,2635,3346,225,1460,320,1687,1841,1997,299,2449,1452,2637,1955,655,1820,661,1849
242,140,150,265,166,221,146,229,226,140,644,388,427,1041,916,264,603,264,495,167,615,348,578,1298,201,130,1120,554,341,562,174,252,632,1511,457,450,258,472,227,753,912,863,702,786,161
4306,6263,3599,4701,3926,5059,6143,5141,4401,8932,11325,12456,10841,19819,10265,5476,15746,8840,12070,1309,15136,18380,13489,19414,18595,8429,12626,14460,13442,11384,9126,6254,12098,14271,11149,7403,8678,9336,11060,7326,19786,9314,5551,17265,5496
70,72,20,49,64,131,283,74,30,34,7005,376,212,1688,77,5163,639,51,58,1405,198,23,2492,439,131,45,28913,64,21,2332,31,145,5,2126,67,2283,502,19,31,13,413,330,2122,760,64
372,375,337,431,276,463,246,339,287,1434,1586,2337,1177,1277,2352,1587,4653,1754,2466,368,1472,2193,1885,1192,2174,883,3542,3438,1734,2356,2056,1518,1119,1866,1543,1638,1930,1695,2364,2405,1880,1891,1731,1434,2378
642,649,499,647,455,533,608,566,832,2891,2158,4669,2542,1807,4471,2266,3125,1640,5423,648,2170,2982,2101,1348,4832,4035,5417,4424,2111,2065,1769,3093,1057,1375,2282,2474,2802,3048,3703,1710,6682,3595,4924,2204,3817
1326,1440,1219,1620,1220,1353,1379,1745,1110,4808,2693,3737,2765,3305,3807,4914,3906,3302,2803,2130,4988,3171,3519,4566,2617,2240,5003,2597,3306,8480,4312,3080,4782,4818,4047,3299,2796,2819,2791,3560,3636,3679,4427,2873,3341
1081,1187,1214,1332,855,1063,999,1278,1026,6522,1752,4052,2460,3000,2726,3914,2783,2001,3106,1275,2516,2385,2540,3384,2880,1424,2188,3961,3328,2036,4173,2674,3531,1699,2898,1840,3406,3080,2338,2611,2233,4794,4048,2528,4782
5,5,3,6,4,3,3,3,0,114,3007,104,167,85,281,127,263,221,164,99,120,103,1487,732,186,100,149,129,44,1048,193,1032,9,173,39,643,606,315,162,285,670,693,49,44,152
2923,2570,3920,5883,3393,2802,4458,3735,6846,9721,11284,8726,8026,6997,7364,16948,8284,9154,7964,9591,6860,5479,10230,5981,10831,4542,10876,8065,8824,8903,8766,10709,3346,4802,5635,7466,15654,7177,7327,10251,10856,28826,9008,11906,10541
922,584,704,770,561,750,669,764,609,1871,4728,2229,1649,3276,2648,1676,2740,1382,2366,940,1787,2309,2883,4438,2596,1929,2924,2267,1676,2932,2122,2687,4547,2814,2082,2806,2730,1360,1996,1862,3688,2082,1338,2352,1458
636,639,235,351,621,454,361,298,388,3011,1584,4570,3151,5477,2130,3121,3183,8681,7562,3377,5252,4153,3175,4751,5252,2020,1169,9669,2809,2572,3737,1971,5019,4759,4640,1642,2359,2998,4193,8357,2118,4149,3244,16796,12779
455,305,303,568,198,359,484,410,269,479,1585,1025,1425,1131,1796,820,1575,884,1616,538,1036,825,1093,2000,1946,1056,2091,1875,1827,2799,520,1193,1206,1024,1262,1920,1148,1521,1143,1994,1234,1839,719,622,1102
164,73,1148,2256,64,142,352,355,212,19,42,94,305,136,146,4,339,141,160,16,82,133,61,155,204,24,396,181,617,94,82,142,1,250,127,685,243,171,123,81,196,97,102,39,22
867,360,666,873,670,651,549,716,477,2840,2840,5537,1271,1697,3846,2774,4564,2009,5745,1650,1852,2116,1828,7683,6370,1202,3536,7457,3970,4302,2506,1691,4811,1525,3523,2954,3446,2880,4447,4348,4026,2576,1647,1933,3687
288,199,159,223,300,380,168,145,184,463,1938,1303,1066,2462,1386,638,1093,733,1450,327,2478,1316,1334,1929,755,197,1635,925,1489,1223,1178,634,476,1483,914,1102,1251,1403,515,1182,1946,1599,829,1008,223
233,272,240,243,200,257,261,220,234,877,743,788,465,370,868,803,436,335,775,240,667,670,574,1195,589,402,574,656,590,951,645,584,738,677,766,546,555,336,581,594,852,941,296,570,858
493,274,347,374,352,423,250,379,342,1702,2218,3721,2801,4029,2942,1266,3107,2525,2758,839,2390,3522,3261,5182,2723,1188,7451,3409,1725,6625,2226,2974,1579,4960,2149,3378,3232,4842,1056,3182,3600,6067,4861,2862,1613
3270,2354,2404,2947,2201,3818,2607,3312,2260,1644,2035,1163,1445,1739,2284,3260,1919,1499,2026,936,1225,839,2182,2582,6144,2329,943,1351,1543,1723,979,905,3344,1106,2268,811,1760,2856,937,955,1293,2537,1377,1667,1085
143,157,170,239,108,172,145,187,160,79,570,655,1321,577,976,457,798,1229,391,206,1032,1167,700,719,214,259,2064,573,644,387,729,957,1223,959,373,623,951,355,1045,1592,491,484,1368,818,203
709,449,389,490,495,669,796,456,736,1571,1801,1598,1421,2139,1556,851,1425,1490,1490,487,1390,1271,1866,3021,1678,969,1844,1387,1386,5156,1821,2532,2010,2533,1446,1544,1787,1406,831,3775,1820,4889,2858,3208,965
2988,3667,775,1163,1638,1914,5806,3395,3602,1004,741,870,1611,5664,2682,540,2106,1244,1027,344,1744,787,605,2105,763,608,5245,637,2623,1454,536,775,1626,3136,1489,2022,538,887,691,377,1480,2132,680,1079,160
230,182,85,94,442,274,79,135,117,5115,5526,779,2973,1535,1469,8552,760,1153,1185,598,6298,2306,2460,1755,683,4981,449,311,1147,780,946,2611,7312,1458,1096,789,1957,300,14593,550,15156,1724,195,1197,157
22100,19937,14426,16863,10966,14757,52795,14106,20625,139718,42859,117749,90619,32356,192720,212063,145710,22480,26521,20946,51973,100365,81113,66124,131103,95687,31105,44137,52830,32384,157906,49197,1586,175237,91099,46955,74825,87364,196365,338746,84528,58425,131636,28852,139497
1372,744,1640,1468,967,873,1338,1315,952,1289,3001,2912,4055,6434,2578,2057,5668,3465,4701,1441,2162,3383,3803,5521,4488,1308,2772,1895,2646,3053,2949,3220,1236,3563,2196,3104,9988,1664,2418,5758,2663,4432,5050,2697,2526
1246,659,450,701,1228,1563,835,910,1045,13753,3114,9393,8849,11248,16746,8129,14253,4491,9116,1496,11113,13784,16558,21678,5739,8933,22216,16304,20177,20765,3866,12829,12726,6856,9444,13410,8518,9660,12327,4545,10662,35511,11653,3925,15377
405,1325,190,565,210,268,2655,302,1347,74,200,53,172,537,189,124,723,200,127,182,328,113,110,31,136,68,5831,118,240,12,142,42,73,132,171,35,117,278,57,588,52,164,132,1545,33
265,128,96,113,244,272,120,91,130,229,1032,644,347,1104,4185,126,1313,1620,1591,45,2636,556,802,3028,1273,160,261,1668,2887,1116,200,202,16890,769,1537,944,217,365,674,482,1362,488,458,1744,390
2868,3035,3300,3104,2163,2734,2641,3243,2801,9305,6231,7364,7859,4292,8306,9126,6919,5116,5365,3760,6651,6338,8247,7542,7381,4732,6850,6535,4889,6956,8993,4916,7549,7723,6360,4961,12699,7515,5751,7125,6177,10109,12164,6865,9698
401,367,269,428,184,251,694,267,687,1290,1665,1623,1230,2021,2051,3246,3065,2394,2414,279,1124,2030,2062,2934,2327,1484,3696,2421,2276,2054,850,1286,397,1944,2131,1548,1085,1130,1625,1591,3249,2184,1903,1841,1853
1785,1615,1898,2317,1755,1440,2026,2005,1808,2806,4128,3480,4069,5346,4310,4342,4117,7008,3543,2685,5022,3634,3238,4995,4074,1836,5679,3702,4114,3493,4796,4781,5912,4112,3189,3085,4621,3618,3347,4219,4192,6107,3445,9266,3318
537,470,732,823,575,538,395,646,473,2353,2194,3180,708,1817,1647,1471,1753,1105,2477,938,1585,1739,1717,6194,1953,1119,1389,2976,1446,1588,1164,860,2161,1606,1582,981,1268,1329,1384,2122,2697,1906,1455,1160,1987
1682,1311,1751,3623,1637,1502,2494,1660,1500,6158,12919,9455,7700,5820,6613,4139,9893,4623,11080,3677,5339,7652,5918,14142,12018,2351,11722,10547,14667,8545,10335,8539,4969,3647,5087,10509,9484,12347,7418,11730,9191,16639,3141,9720,7738
454,178,354,283,275,174,201,219,165,1160,1339,1770,483,1494,1138,1318,1536,1226,2609,467,844,829,1399,1456,1115,510,1132,1972,1187,1759,470,1250,2078,306,820,1710,1643,689,1032,4991,1312,1470,1592,1078,2328
366,180,302,235,275,318,195,166,128,5219,4224,5182,7971,2867,6428,6251,9620,2661,3694,723,3485,6202,4060,4983,5608,4189,1490,3967,6259,2916,7867,3412,1817,6105,4567,3737,6724,6592,6316,3299,5986,2629,6569,4121,5684
720,529,522,622,248,601,1530,658,463,1,31,54,195,64,117,65,21,20,22,652,10,10,92,5,142,14,59,11,104,18,166,14,34,25,161,92,42,2,131,42,19,176,81,32,25
584,476,306,510,209,506,493,497,328,462,917,1546,767,880,1110,1386,1999,1002,1189,379,706,923,615,1097,1082,290,1797,1363,1939,1413,428,652,202,1310,1030,1673,744,957,869,786,1593,1012,976,268,732
291831,291042,566139,582163,248184,436311,361649,724560,376227,229,138,75,48962,28,24046,776,215,37,168,738273,261,312,435,143,33,101,69775,443,28835,157,237,702,438,30,78792,100,7315,270,16808,491,104,50067,12426,584,4254
134,60,42,40,105,123,73,59,57,249,1875,1404,180,681,1596,1613,1683,708,1887,259,1905,268,978,3406,917,350,439,3009,867,2769,389,1907,7067,424,1429,6492,2377,737,159,3618,2632,463,705,797,182
724,672,759,911,672,894,713,831,820,3892,1820,2231,1298,2267,2302,2749,2245,1406,2035,1514,1610,2322,1771,3419,1793,1335,2323,2671,2202,1687,2601,1242,2529,3406,2103,1484,2024,1633,1808,1119,1635,1791,2795,3491,2667
3208,595,1836,2290,921,1428,1385,1498,1115,10917,27039,23146,11258,8230,22023,19724,18010,13743,27158,1851,10997,19450,31269,27705,25203,11124,14802,35402,20810,17287,18241,19229,4590,23982,16221,16150,13717,33368,14671,25058,24205,31703,8865,5530,19740
2219,2201,1917,3113,1583,1955,3769,2737,3031,2933,6683,4007,8682,8016,13107,11872,10250,6397,5795,4637,6349,4820,10536,8412,9019,5036,5021,4834,5176,6397,7420,6506,1752,10569,5267,4472,15078,7233,6364,9752,5375,15183,18080,12019,4509
6124,5965,7228,9891,4183,6946,7401,10105,6098,1730,6999,2577,2979,2393,2533,2709,1426,1865,1452,4361,1578,4331,3070,7060,1498,518,6502,1120,3204,3986,4786,14630,800,6320,2654,2693,7927,1548,3808,2074,4711,4524,3727,3094,791
415,272,363,421,223,344,313,366,371,321,948,1394,1211,2802,2979,663,1521,498,1288,261,1502,720,999,3152,3661,1220,708,2369,5284,1457,856,1568,1351,769,1198,1278,2138,896,802,1105,2773,3252,1350,1352,1147
373,214,419,617,260,316,334,464,374,516,1604,506,1084,622,1175,1378,722,540,1091,1006,576,1007,725,1081,1127,778,1980,962,1136,1080,655,1289,595,885,816,793,1316,888,645,703,1133,1499,858,563,719
1112,589,1070,1365,726,866,987,1141,764,8499,8940,13114,7369,10512,13823,11761,10742,6291,12211,10628,34809,5083,4155,15833,33717,4511,7541,11954,5612,37789,6689,12768,2705,10645,7129,8711,13288,9308,5071,10686,10525,15675,6137,31936,6115
799,665,552,1179,463,662,722,1081,629,1379,2028,1468,1759,1392,1970,1224,2948,2994,2950,839,1424,1848,2530,4654,1128,1191,2381,2837,2156,1907,819,1479,713,1849,1091,1785,2037,1796,1852,1575,3726,2189,553,1393,1771
3110,2313,2227,3282,1652,2563,3066,3150,2326,3699,9156,7341,5082,5771,12749,3221,6645,6201,14112,4742,5363,6173,6742,19587,8879,3888,14834,10924,10060,25591,3630,15358,4762,6947,6605,11383,8522,9672,4702,9914,11739,10126,5367,4197,5298
5594,6570,9006,8985,4224,7628,8310,11777,8962,1644,6297,3254,6190,1977,4836,5279,3600,2150,2658,3654,2231,3276,5019,5018,3694,1783,4875,2748,4598,3201,4878,4093,934,2827,3647,2776,4849,3515,2232,2483,5555,15199,3868,2758,1977
756,863,1060,974,726,777,660,948,832,4358,1625,2959,1201,2165,2178,2544,2331,1532,2244,1259,1642,1706,1966,2980,2004,1174,1496,3376,2245,1642,2588,1314,3159,2366,2514,1236,2240,1951,2468,1475,1359,1551,2895,2173,6354
349,193,153,336,217,329,378,290,151,343,2129,828,1667,1541,2137,809,1541,865,1187,191,1256,1370,1297,3287,1577,1023,3602,838,2115,2558,561,2552,1577,2429,696,1753,951,1093,919,745,1691,2311,631,1917,815
167670,200699,396190,321146,116337,166010,186343,161522,227964,56,3,47,30471,0,11269,280,61,13,13,128065,3,308,274,3,11,2,360,76,13358,36,9,153,2,6,67490,49,3393,22,19338,1625,15,16982,21263,129,8590
5183,5494,6738,7949,11019,16893,4413,6532,6058,3277,4570,798,6166,1444,4724,16183,5522,1706,3982,117,5338,4654,4427,6555,1804,6051,537,1269,10606,3326,1631,2788,8624,1318,6042,1851,15851,8084,6020,1121,1490,5032,2009,435,1524
13515,11304,17617,21740,10635,12325,24749,18951,12868,35661,53297,34839,34687,62426,43427,65097,36279,59205,24883,19641,36238,35745,36260,26244,38851,14748,25422,2520,22377,27430,57001,34651,30907,85752,28022,33800,70966,25447,20434,55553,69419,46698,38541,142370,19147
597,526,649,783,379,607,502,698,567,992,1751,1441,1735,1839,1440,1729,2967,1542,1685,1042,1176,1855,1266,2107,1605,714,2408,1244,1322,2182,1886,1926,762,2173,1569,1942,2304,1175,2490,2115,1455,1820,1671,1802,1320
928,647,671,861,721,803,1103,670,696,1748,2553,3069,1402,1896,3587,1620,3866,1651,3028,1442,1853,2194,2244,5596,3352,1897,5512,4037,3822,3858,2184,2811,3511,2050,2441,2854,3152,2689,2340,2004,2722,6045,1560,3262,2200
2133,1721,1163,1250,2371,1912,2469,1022,1959,10898,5124,5337,9454,22500,12637,14756,5703,9404,4781,3500,9266,8398,5914,10144,4813,4775,13662,4463,3844,3878,5679,7119,19093,9410,8201,4547,7947,4792,6643,5015,4158,9248,6493,41030,8210
465,280,245,244,490,484,403,288,391,458,6296,692,1608,1647,2020,6612,4982,7817,2605,1256,2368,740,5071,2103,2841,2823,875,1208,1785,2214,822,4517,11365,1322,4314,896,2837,699,1296,341,969,1148,1787,4721,688
321,286,347,580,587,465,644,407,409,1612,2268,1098,1408,1804,1880,1869,3180,907,3163,730,1613,901,1221,2523,1716,655,2702,2028,2112,2283,2339,2112,2399,1127,1596,1998,2394,1167,1218,1880,2097,3714,1629,3753,753
384,222,264,376,276,339,414,252,207,912,1261,1918,1720,1280,2434,1778,2961,3430,3696,701,1806,1687,2574,3389,1501,919,2086,2726,2657,3063,638,1601,2756,1418,2359,2552,2213,2638,1786,4393,2396,2926,2159,1886,3336
228,133,325,688,166,182,227,241,219,31,1623,334,696,900,375,193,981,410,1278,463,493,729,1269,969,890,288,1234,528,1321,753,209,758,175,897,388,823,2377,581,344,696,996,718,233,676,131
10419,17973,8764,10608,9194,14837,17682,10727,18475,4195,7559,5796,10816,1551,5842,16759,7734,5516,2019,12480,2029,10445,3154,8706,10245,3373,5755,3842,3957,8601,24626,7548,865,10858,6786,1109,8493,2987,15182,1476,3776,7753,9402,2755,3912
3410,2839,3946,3846,2388,4802,3747,5288,3539,11495,3670,11566,9198,10534,13023,11401,7571,8575,8827,8363,6267,9145,6624,18376,6998,10636,5275,14528,9667,9342,9223,12159,1641,17784,8145,6417,3624,8055,11968,4382,5006,37917,21038,7826,10606
4279,1493,18054,25708,7799,15134,7932,13888,740,1452,1829,384,786,1130,3747,1209,565,3181,4470,1551,5598,998,3843,2850,9660,396,538,5281,1019,2647,3321,4425,1915,554,1933,1457,3623,916,890,1494,6800,2723,1290,2480,1311
765,909,1365,1463,600,1257,475,883,817,131,36,20,164,230,274,14,79,411,402,105,237,97,65,250,26,77,1058,531,286,1044,7,56,751,14,279,284,13,110,79,81,12,62,68,27,25
648,307,713,778,347,570,590,654,870,6399,3270,6212,3524,4012,7675,4496,5296,3532,6552,3740,7178,4733,6100,11146,6390,3859,7837,6119,4165,5546,4409,2680,657,5476,4903,5785,7930,4231,3967,4344,6097,15722,4846,3561,5614
256,72,288,246,117,138,127,209,112,1646,405,1282,263,415,648,1048,934,336,1240,564,150,1493,397,2279,868,844,1112,3961,2613,1604,1364,360,70,559,1266,739,572,454,1119,553,605,244,959,268,3634
307,151,311,184,130,157,117,229,108,814,1318,1764,1257,1898,1440,1566,2183,1521,2254,730,1374,1478,2055,2514,974,956,115,1766,882,1181,1044,887,135,1000,721,874,2473,2003,466,7427,1362,1949,427,1145,2176
28315,18553,11454,5253,19036,9624,13400,41695,20468,2,0,1,1385,0,387,0,3,0,0,6,1,38,24,1,1,0,9,6,1188,11,0,11,1,0,7322,6,84,0,756,41,1,1340,1272,0,18
13,24,13,26,12,16,10,14,20,10,119,980,572,84,1147,1514,3380,636,192,32,225,117,132,25,387,180,1246,2562,27,13,216,64,22,214,926,152,747,674,3361,1,631,87,788,66,4056
6775,5947,8424,13122,3945,4412,8350,6208,5115,25002,22973,11022,66866,28528,32036,39865,24721,50371,20577,5622,15504,32256,29027,50701,30104,39343,50761,43487,49286,36064,15091,29069,1241,37986,30146,14668,11740,18288,57644,14946,11382,73410,27649,6485,37908
2214,1632,1992,2918,1451,2117,4536,2725,2447,6058,9380,6951,6249,2576,7926,10737,6975,2757,6420,5208,1869,5907,6934,22880,4873,5312,14068,12064,9760,13194,3657,17857,1444,7623,10420,5907,3814,6677,5384,5634,7425,11771,3768,2858,3053
352,229,393,532,240,368,297,321,269,647,3455,1297,867,1106,1371,1559,1584,1486,1280,775,1079,785,2882,1477,1197,528,2192,923,2525,2743,532,802,1366,1013,1013,2536,571,1116,938,1818,1409,2826,766,1692,1181
573,500,657,906,532,594,728,624,614,2820,2452,1552,1529,1814,1796,1776,2585,777,1530,1263,1229,1804,1782,2162,2657,833,3251,1648,3261,1647,3062,4577,1700,5018,1160,1717,2061,3584,1456,1221,2096,4653,1100,1281,1134
1021,530,1050,1635,553,566,1291,984,719,1141,1714,1946,2000,8488,2448,3406,2792,5395,2810,1736,3410,1591,2471,5377,6085,3369,4921,2868,5392,4862,1669,3301,409,2216,1505,4169,1785,2481,4989,7699,3024,5618,2178,3568,2653
1417,1139,1399,2101,963,1481,1977,2009,1555,5116,7067,8737,14967,6095,10644,16801,13488,5018,4564,2305,3606,6672,5432,7716,5982,5192,4326,4241,4110,4619,7105,4124,3124,11810,4532,2709,13427,3601,6086,4793,5491,10127,11619,6016,4505
1196,988,754,1045,805,1066,1825,1138,1116,2326,4390,3699,3319,4055,3581,4334,3211,2702,3101,1395,4000,2328,4281,3345,5295,1836,3376,3148,2768,2937,2622,2541,2263,2993,2498,2662,5023,4225,2131,3355,3739,5670,2383,4746,1442
764,416,925,821,492,720,715,1045,954,4573,1671,892,1246,1370,1537,1812,1400,1237,1439,1377,1097,1958,1078,1630,1384,1588,2434,1294,1554,2277,2315,2170,973,1096,1420,2177,3029,1508,1848,1248,973,1766,1295,931,2453
1440,1076,932,1396,1070,1010,4021,1384,652,14489,12467,3849,4783,2241,3402,2726,4661,5425,5009,248,14291,11511,12942,6086,6302,3819,1577,5175,3072,10739,9371,4700,1181,3899,6348,1718,3056,10965,6092,1818,1585,14145,937,2788,2976
394,154,428,654,310,353,693,394,258,626,1450,1018,3552,968,1115,2085,2251,1761,961,271,808,2061,1360,1771,1777,1170,2062,1185,1000,799,2273,2220,168,2864,1159,700,3661,2006,1633,1022,1637,497,3233,799,1289
1175,893,1176,1957,758,964,1194,1512,1145,796,2210,2692,2384,2281,3073,2221,3480,2376,2345,1200,2550,2381,3158,4042,2661,1401,6182,3705,3816,2983,1781,1546,2196,3900,2535,1431,3069,2828,2724,3069,2749,3143,3489,1546,944
1824,2022,1755,2243,1520,1979,3676,1911,1922,15804,7323,16199,9834,10262,18539,14329,9166,12973,9413,1917,12808,13272,12100,16321,9468,8282,9277,7923,5244,8241,12081,5730,6434,13927,8630,5909,6123,7012,14342,11488,7547,12925,11816,9035,9526
581,559,333,549,508,578,1096,481,490,2935,2468,2549,1470,3397,2374,2567,2518,1994,2692,726,1851,2147,2677,4347,2163,1619,3478,3026,3764,2948,2554,2003,2512,2716,2271,2765,2897,2250,1472,1031,2047,1441,2496,4122,2885
377,265,87,149,221,251,179,200,291,957,1941,1853,1918,2184,6058,1840,2275,3150,2072,98,2205,2698,2896,1423,2416,2786,1915,1113,1609,1816,1016,765,439,1500,1098,2337,2091,3505,1100,1084,3371,3578,939,1578,1096
948,883,1028,1279,851,969,825,1023,930,3803,2450,4490,2612,2683,3435,4320,2760,2999,2510,1454,2847,2356,2905,2215,2500,2208,3611,3553,1463,2366,5640,1890,3471,2542,1694,1167,4626,2494,1884,3366,2516,3510,1645,3498,1253
7309,5949,9536,9378,3073,4902,7805,12189,9246,2777,2838,1218,2235,2917,1711,1978,7368,4467,1255,2056,974,2406,5688,6322,3465,995,3700,2944,4717,1179,3511,2939,996,2636,2242,1402,3355,3397,2805,723,1291,3255,2671,1661,2193
2081,2965,1915,2201,1595,2315,2644,2961,1853,166,1237,1022,2391,1448,1191,626,1260,1260,1126,560,933,153,649,1998,1183,263,606,812,1785,1726,47,1453,238,790,1855,1900,1458,521,1308,2140,1885,2095,1483,3047,840
318,98,58,52,127,195,108,94,107,1258,575,2060,1483,1549,5250,3589,4395,3551,4396,172,1595,857,1245,6361,6321,3656,646,3159,3713,3520,2074,825,191,4462,2651,2557,2961,4275,3643,2036,2632,3967,3768,2842,4610
2273,2937,3504,3771,2383,3564,2960,4428,3191,9765,6909,12788,9370,8151,14720,11964,10350,4072,4477,1943,5852,7870,7525,4481,9549,4792,6541,6088,6026,6116,9213,2587,5517,6989,5912,4970,7168,6620,5545,2866,13185,7661,8087,8169,4988
1068,910,1061,1448,659,1043,1067,1296,779,1588,4644,1881,3986,2516,2074,4212,2896,3306,3565,1715,3025,3117,3697,4706,1904,2011,7008,1822,2197,3218,864,3374,1248,2721,2029,3189,3585,2397,2272,2657,2908,3673,1749,2225,2052
251,281,264,358,204,294,215,241,225,1249,862,1513,599,742,788,703,585,300,651,168,689,359,833,2464,896,398,524,960,601,531,417,779,1550,830,885,329,132,361,864,475,1048,933,827,1183,783
947,1015,842,1189,782,898,950,1103,761,1421,2818,1580,1739,3521,2866,2338,1356,2312,2053,1242,3201,2069,2126,2882,2695,1410,4083,1758,3263,3777,1696,3778,2471,2620,2709,2532,1974,2067,2405,2941,3302,3872,1718,3920,2307
10,9,3,3,6,22,3,4,2,236,77,428,3542,61,1840,51,112,82,345,3,139,151,65,74,881,492,123,16,169,122,366,252,120,381,74,80,55,260,1770,3,93,104,775,80,10
116,96,82,169,81,89,57,103,84,176,321,366,138,253,416,359,577,598,277,180,325,340,626,575,338,201,558,458,278,372,264,372,248,368,265,273,670,251,219,190,669,406,147,369,209
963,761,1058,953,878,1325,900,1003,1028,10138,4843,8009,5205,14620,4970,12424,5281,3134,5749,1218,7222,8022,5623,11064,4382,3474,2434,4658,3496,5557,14427,7099,3361,6958,4330,6290,5243,3467,7220,5761,4865,3093,12599,14385,13276
3690,2510,3561,5760,1818,2565,5213,9743,4144,811,804,890,3321,2430,3062,3668,4636,5588,3133,1446,2770,504,1466,1595,994,1083,19368,2123,2085,683,544,384,767,1170,2803,1311,1194,1441,1552,883,1779,1817,1975,3112,1073
678,533,476,816,504,554,682,799,634,1228,3021,642,1683,1300,1355,1386,1487,2214,1481,493,997,1880,2345,2753,2263,611,3006,2744,2118,2145,1690,1717,1691,1024,1549,2732,1388,1323,1317,1285,1019,3424,1932,1403,1552
1264,568,378,599,625,1250,937,676,505,3290,7921,14693,5778,5575,27846,5195,15444,2275,9980,503,10025,4466,6315,22538,19102,2994,6524,9583,11772,9597,3613,10889,970,7964,6685,16705,7564,14812,9966,2261,21790,29719,4459,4433,11080
2191,2077,3088,2552,1946,1908,2009,2405,1998,3354,783,965,1519,1862,1378,2533,1714,1022,1752,2190,1645,1080,1582,1512,1539,541,1752,1731,1363,1166,1623,717,2295,1886,2286,987,1690,1185,1882,1554,1247,1586,1493,1989,2751
383,371,234,309,468,411,850,200,211,4504,2287,5277,1174,2562,2389,3645,2021,878,3342,382,1706,995,3075,2130,2503,1112,534,2730,1907,2646,2183,3278,4323,4621,2731,2492,3462,3730,917,566,3467,4868,1358,1345,1189
860,626,482,896,478,721,792,783,583,710,3512,1908,2049,2321,4154,1351,2672,3236,2909,684,2939,1994,2932,3433,2778,1593,5233,2352,3463,3313,1020,2358,1962,2563,1304,3170,3000,2534,2389,1687,5570,6408,1663,3150,1804
2370,1490,1834,1604,1085,1621,1374,1358,983,2942,9534,5251,3382,6074,5240,2752,6572,4470,6988,2835,4398,4859,5985,8613,7046,5245,5587,8990,5862,6668,2938,4674,9167,4376,5114,5255,5140,6908,5818,12041,4900,5280,7683,3068,6474
602,769,892,917,524,711,616,797,492,2708,2847,2829,3143,1752,3809,4561,3510,1477,3278,3062,1130,1999,2215,2799,3731,1010,2138,3833,3357,5248,2716,5307,1190,3243,1896,3292,3741,2947,2376,2563,2949,2180,2501,1544,2034
446,518,531,661,478,440,393,491,468,2664,3584,5476,3156,2888,7107,6911,10105,1039,7749,625,2209,2355,4315,13611,5074,5026,4721,14802,7386,4428,1253,8154,762,5762,5803,6486,4336,3361,2399,3360,15698,17516,5082,2943,4603
860,885,744,1171,603,815,1096,814,933,1334,3581,2971,2878,3461,5656,2368,3255,3668,3381,1043,3180,2257,3496,6321,2374,2170,3212,2297,1967,3370,2193,4144,1415,2359,1961,2258,3192,2522,2473,4717,2052,3834,2130,3543,1315
718,712,697,869,595,644,605,761,727,2119,5455,2818,1950,2172,2967,4628,3940,3230,6191,2707,1657,6579,2792,8387,3249,4498,3195,2794,4375,6797,1731,4323,1181,2873,2730,3455,3826,4368,6647,2590,4708,4503,4847,2451,2374
260,169,192,215,144,201,151,217,148,297,663,634,647,481,990,505,704,800,772,292,746,394,748,1145,804,292,1034,1124,904,1836,345,584,994,551,725,721,562,719,537,1030,731,742,908,360,301
862,663,753,891,468,735,968,848,593,674,1406,1878,1705,2585,2695,1253,1938,2155,3987,432,1883,1898,1805,3630,2138,1268,3958,2868,2841,2686,959,1813,2089,1078,1723,2303,1798,1737,1597,3649,1892,3462,1427,1556,2116
1318,655,897,2624,615,1020,2561,1056,1538,204,1281,583,948,934,1150,827,1123,652,791,1125,1185,514,1024,1062,976,456,1413,322,1240,1079,259,1373,1065,948,1007,804,846,1334,533,752,1197,1239,1152,1370,386
6406,5073,6637,6278,3773,4827,7524,6462,6753,14221,18736,22065,16506,14011,36448,9901,38109,9549,19915,9272,18530,37261,22824,68392,14491,13522,114506,26394,44792,42599,15046,32320,269,13041,19170,34074,52649,40967,10933,20910,50708,70261,3262,5943,15206
18611,16831,23789,24159,11353,16262,16045,22005,19154,5998,7915,806,3730,610,3261,3915,1959,4498,2225,6301,389,2082,1919,2632,1241,1323,6041,3809,2317,1618,1716,1358,237,1651,4822,668,1749,2076,5888,918,1740,4218,2049,916,4000
4066,4253,6384,7196,3161,4406,5004,8281,5168,746,2044,1206,2634,2979,1989,2017,1606,2312,1900,1449,1123,1603,1293,2007,1062,566,3286,955,1743,1466,1149,1606,479,1198,2297,1592,2058,1736,2507,2393,1801,3002,3011,994,975
703,543,804,884,439,791,644,857,654,1635,1989,2201,750,2281,2020,2708,2711,3522,2413,2184,1705,611,2856,3577,1258,1051,10925,1835,1212,2413,1325,1870,3930,2250,2919,2131,1755,1872,610,1990,3128,2372,1172,2435,1751
1920,2246,1100,2123,1017,1267,4254,1744,2130,3042,15111,7035,11367,3908,11503,5195,23713,4635,7806,1430,3852,7580,8382,20004,10049,14526,3304,13791,3261,2705,6271,11623,2807,6350,6846,6615,11365,6648,10734,1370,9631,9578,4501,2346,7321
160,144,92,149,120,216,161,144,172,383,667,271,193,469,756,1780,569,640,718,139,887,192,652,612,595,149,959,432,550,449,142,937,1367,221,535,724,671,454,213,262,641,545,281,612,442
1157,1290,2174,2223,942,1101,1919,2175,1788,37,111,180,305,213,191,73,373,5,83,58,196,95,85,371,257,180,27,401,310,122,142,177,57,138,263,155,248,89,135,561,228,278,158,193,98
819,652,590,963,1245,1135,1021,1016,788,131,388,41,660,257,387,70,345,149,485,35,824,212,185,164,200,24,104,55,895,216,48,114,67,170,716,311,128,173,286,132,384,701,239,226,14
609,436,381,671,286,451,676,514,596,631,2326,1275,1265,1019,1813,864,1476,1087,1572,643,1154,1225,1797,1940,1573,1033,2041,1338,1666,1621,723,1985,1405,1537,1105,1254,1743,2340,1169,1343,2277,2972,1019,919,1041
45135,42136,32694,59810,21902,47697,85908,50898,83712,22,773,7678,15189,7082,7359,127,385,141,670,39078,6911,238,6081,971,4848,11,27,148,5206,6336,357,542,831,364,11794,28009,2842,753,2888,3320,23964,16140,2993,9384,365
1168,1350,1230,1213,941,1227,1169,1201,1106,3102,4373,3216,1931,2470,2675,2306,2230,1744,1980,1479,1595,2727,2152,5541,2644,1434,2178,3303,3027,2430,3437,1727,4398,3813,2489,1639,2211,2387,2348,2296,2614,3038,2852,2944,2533
7105,6788,10013,9833,4617,6773,7464,8790,8982,3688,2698,2865,2763,1637,3873,3158,3366,4613,2358,3033,1533,2216,1351,2758,3535,1482,4252,2239,1738,1953,2926,862,1479,2350,4000,1463,1752,2374,3558,1561,1335,2564,3179,2080,4163
4131,5818,5264,5533,4137,5297,4194,4600,4601,29427,13668,20430,7745,7566,12150,14594,15172,8289,10564,6905,11214,15503,13479,19535,17183,8950,12113,16694,7994,17310,14660,15555,17046,15434,15882,9209,26478,40404,10419,10346,20666,14994,15622,9992,25644
767,502,554,607,746,785,380,506,334,3592,4766,4178,2069,2843,5433,3075,2852,2343,4262,583,5515,1833,2307,10219,3759,2859,3147,11598,3984,13363,2639,2848,2447,2141,2932,2686,3381,2408,2784,6235,3420,8217,2868,2919,2517
6854,6832,7585,8444,5164,5950,8000,9423,6970,2872,1540,2409,3075,1862,4662,2292,5677,2968,6352,4846,1102,1938,1910,4842,2653,3025,10417,5119,3168,2812,3094,1601,1413,1092,4138,3165,3043,2432,2802,2463,2664,3594,2978,1928,3404
494,522,465,629,473,541,668,556,544,511,9386,5451,2208,1850,2369,6036,4299,394,2093,135,1737,1257,9173,4106,1241,217,1219,1620,3554,2320,814,3861,1396,4452,1717,2934,3905,2154,2010,1062,4448,3351,2126,4225,474
511,242,355,555,239,407,282,375,283,957,3385,1909,1000,954,4502,2447,1906,1278,4946,2241,1271,996,2344,5053,1579,563,1260,4690,2589,6012,923,3540,3710,1114,3210,3228,3325,2513,1205,5291,2378,3584,1860,796,2079
1016,1319,476,441,865,925,861,549,834,771,2954,1779,2207,3661,4072,962,1681,2660,2792,315,4160,2127,2366,1930,1805,639,4465,380,2083,3158,1102,1893,2308,3565,2132,3909,2982,3167,1487,3467,3369,3722,1897,4378,1566
243,139,502,513,154,205,660,233,219,3057,994,2828,1847,6507,4764,9625,3046,6069,2466,1257,2831,2586,1242,3634,3362,6039,603,2154,1398,1193,6655,1948,167,1200,1674,2306,508,1039,5101,988,2505,438,2653,1200,2883
977,1204,1478,1698,932,1349,1175,1469,1223,3934,3245,1795,3180,2610,3067,3800,4359,2533,2332,2041,1941,3212,2856,4100,2776,1169,3306,3647,1732,3569,3264,2834,2830,4421,2724,2280,2755,2309,2237,2484,1877,2284,3180,3646,1992
108,72,76,52,98,122,50,29,45,3209,180,1795,491,2468,1686,448,2251,2279,1733,32,2075,451,1096,1718,1396,1527,3425,1418,453,1048,242,113,1005,1996,1927,777,756,469,813,1351,1621,476,2001,1205,427
874,985,786,1120,567,738,837,805,1069,1083,2016,1503,1683,1484,2659,1908,1893,1386,2308,905,1635,1440,1663,1327,2051,929,1956,1476,1984,1957,1211,1493,1413,1619,1743,1315,1707,1739,1376,2283,1716,2435,1301,1668,1672
2753,2802,2869,4014,2185,2640,3563,3137,3453,6619,10558,8001,11206,3947,7575,10620,9275,7103,7523,4112,7002,10574,9639,8261,12853,6295,8407,7649,9530,8243,13364,7774,6497,8679,7464,6273,9285,7852,8629,7667,5855,13175,7586,6505,8956
400,383,336,544,387,507,494,539,416,624,1700,2381,4098,2352,3396,5741,2947,1125,2265,771,3420,1585,1949,2491,2287,1630,6093,1366,2144,4566,1842,1656,1314,3308,2303,3193,3039,2955,1161,2065,2887,4008,2046,3019,1381
7010,7455,6757,10680,4497,8288,11625,11137,11384,508,1890,691,4296,5222,2159,1640,2777,2199,2657,3514,2981,1085,2604,1101,1110,1392,4566,723,2423,2219,647,1048,1144,1296,2199,3183,1511,3482,2207,5105,1412,4913,730,2349,259
1359,1094,1474,1891,927,1244,940,1624,779,3489,1116,3174,1828,1946,4042,7478,3678,2691,2934,842,2827,1705,3129,2226,4165,4180,2441,800,1643,769,4812,1206,8974,1362,3198,1546,4236,4027,8889,1673,752,469,8868,2945,12278
765,441,687,922,478,521,633,814,556,553,1667,1290,2181,1692,2325,946,2789,2124,2664,356,1083,1605,1635,2978,1811,683,2306,2108,1647,3494,717,850,884,1803,1364,2663,1675,1294,1233,3115,1924,1861,1440,1096,1016
2245,2550,1976,3155,1580,2348,2288,2785,1942,3899,9024,6326,7937,4433,9369,4983,7558,3259,7115,1923,6065,7428,7810,16006,5911,4970,9311,7940,7476,12802,3531,7994,4598,8285,5246,5812,4889,4392,5701,3933,12655,12295,5225,5274,4492
179,99,103,113,153,164,86,98,97,233,1173,546,631,564,936,86,1108,307,1118,79,912,739,688,3151,2251,429,538,1041,1508,1414,406,857,995,668,888,782,1117,361,1042,483,1269,1382,389,412,705
223,154,257,230,147,219,169,234,195,2722,1655,1924,905,1770,1530,1032,1101,667,1495,192,924,2113,1982,2056,1186,827,1717,1446,1406,1792,1831,1371,277,1531,1971,1171,1872,1731,1385,813,1931,1531,1703,1768,2199
1383,1662,1292,2976,961,1170,2600,1312,1318,2130,9508,8511,6593,7789,4891,6203,8939,8173,5410,1877,4072,5035,5476,7578,7314,4382,11890,5776,5809,5136,5340,7528,6472,7370,5571,9292,5847,6042,3242,8496,6891,9793,5104,4181,2028
129,74,150,741,89,161,89,147,81,1861,2222,2806,7308,255,2920,19447,3984,981,3026,587,329,4138,3704,1795,8472,5218,2936,4650,3614,4237,18036,7950,18,4246,6854,3852,2935,3897,4481,677,5698,2304,8385,717,9210
1234,915,1135,1200,754,1066,1163,1253,839,1952,5950,4095,2852,4402,4895,2018,4501,2370,4972,1659,2274,2260,3338,3641,2758,3865,2732,5339,3115,4633,2430,1811,4623,2092,2639,3195,3505,3864,3651,3938,3710,5388,3751,2809,2512
486,935,1214,1665,373,879,1044,1709,648,9,48,11,84,15,162,68,168,9,20,484,22,28,22,58,77,12,22,67,83,33,10,27,35,52,38,27,17,27,66,17,48,123,29,3,11
1874,1877,2380,2487,1372,1825,1759,2091,1850,5277,2595,2945,4445,4282,5150,5302,4489,4863,5620,1546,3818,4460,3499,6470,3476,3310,3545,5315,4141,4668,5732,3204,3750,2489,5069,3631,3794,2554,5222,6263,4717,5473,5628,4020,6447
3957,2633,6396,7749,3310,2920,7806,5516,6285,22,41,21,2215,91,497,9,33,66,34,3493,125,59,116,11,19,14,59,17,731,10,24,16,696,19,1637,14,322,675,551,132,23,1154,575,66,150
1352,1572,1593,2078,1257,1835,1458,1800,1630,3083,3063,2665,2030,4152,4184,4036,3547,2368,2568,2011,3985,4027,3568,12123,3369,2125,3881,4028,2480,3736,2106,4892,2142,3392,3462,2760,5680,2106,1911,5496,4078,4345,3402,4538,3153
573,800,633,739,624,804,552,606,555,5385,3569,6438,4147,4628,3160,3606,4001,2741,3429,875,4013,4431,4215,3837,4318,3102,2713,3097,3921,4882,4811,3415,4201,6773,4334,2768,6158,5868,4505,5615,5846,5149,5537,2739,2119
2939,2401,2561,3474,1920,2355,2556,2912,3042,5004,6278,6237,4280,7805,7527,5744,7155,6115,6850,4509,5503,6656,6636,9198,6506,3327,9746,7571,8765,6140,5038,4678,5996,5988,5654,4206,4967,5930,4745,6445,5623,7224,7895,5036,7689
193,52,18,30,54,88,35,42,29,636,709,2522,1678,4549,1924,182,836,1114,301,102,1998,2978,1165,1677,1011,3338,1871,335,445,123,571,574,5664,329,488,3149,1374,524,5431,710,7194,404,2409,899,246
1805,1720,1718,2188,1739,1860,1584,1657,1534,10311,4791,10641,7866,7240,11203,10188,6505,10146,6830,2995,9558,10356,7658,12285,7019,4813,6607,6439,4340,5620,11082,5640,8637,9754,6467,4734,7924,6935,7806,7722,6665,8126,9290,9573,10501
1674,1272,1409,2641,1086,1962,2469,2632,2013,4801,5009,4561,8180,5213,10092,5965,6310,3177,2893,4427,3570,5760,8826,4675,6261,2826,3935,3824,3874,3788,4489,4468,1455,5880,3377,4473,5829,7686,3352,4299,8268,9269,4360,8142,2343
782,566,761,895,447,547,1236,843,700,890,2281,1490,2266,1371,2649,2154,2806,1105,1949,947,1354,1414,2078,1986,2090,1230,2634,2029,1696,2333,1392,1814,1960,1609,1509,1902,2176,2002,1959,1965,1613,2587,2217,2192,1454
1277,1158,1656,2068,1072,1325,1162,1423,969,4045,4755,3454,3314,3508,5386,7542,4090,4124,3150,1527,3456,3587,3553,5503,4376,2448,6014,3002,3458,6080,5274,2880,4872,4940,3249,3091,5982,3456,3401,2389,3253,3667,3728,3574,2683
1163,982,1160,1729,806,1200,1384,1477,1214,2604,7121,4395,5858,6317,4481,3357,5146,12303,4626,1494,6142,5336,5811,7889,2548,4100,6315,3024,3264,5108,1514,4720,1803,6843,3531,4573,5975,2852,3861,5029,6186,5794,8787,5973,3200
3275,3795,5924,4708,2980,4953,3953,5871,4549,5485,2965,5821,2616,2232,4474,5179,4132,2705,3186,2434,2443,2134,3277,2828,2915,1823,3018,3801,2012,3249,2991,2194,2943,3112,4000,2335,3191,2283,2622,2503,2494,2794,4626,3480,2861
116,108,174,252,135,153,112,184,141,707,903,569,599,889,758,1007,746,810,556,483,602,822,846,787,738,303,703,1224,666,428,1071,633,1502,691,859,433,460,580,507,541,532,605,1058,1767,852
3090,3646,3782,5036,2482,3361,4163,4230,4134,5392,7669,7113,16904,7275,9331,11055,11463,4642,7153,6286,7567,10166,12519,10781,12695,6815,11597,7909,7349,15102,13189,9684,4317,5354,6901,6513,20003,13237,7321,13955,7563,28829,5254,10277,6126
42,39,35,39,35,55,27,29,38,921,340,1360,267,273,1523,4192,1024,671,919,54,844,170,580,1474,559,294,592,1015,604,293,202,262,3831,978,1104,453,459,839,362,363,683,540,854,829,1171
1340,1032,1399,1566,1127,1207,1189,1458,1028,3517,2863,4055,2949,3040,3505,4084,3050,4191,3956,1284,2337,2363,2544,4236,2451,1601,3045,5143,3157,3524,3885,1999,5032,2677,3735,1782,4641,2986,2416,5879,3128,3005,4476,2539,3702
31604,11137,64549,266113,46482,87836,23478,68918,9818,649,4862,1679,10058,4408,16081,19389,9784,6813,10112,8894,4602,4248,9123,1380,35583,2998,14261,5911,6489,18254,11353,12753,741,16638,17580,2439,7630,2259,6159,16814,4933,17507,25220,6386,4629
686,989,563,656,552,683,584,708,1021,1750,3632,3593,4622,4209,6410,1672,5037,3570,3242,829,3087,4147,4617,5726,3513,2608,7907,4087,3630,5257,2305,6796,1557,5153,1568,4411,6510,4983,3395,6775,4174,3925,2607,2335,3233
614,680,852,1183,653,585,717,679,537,1558,2956,2672,1307,1254,2357,1853,1865,1071,2710,2559,1394,2281,1572,4105,1780,426,1799,2342,2359,3914,1960,2386,1051,1712,1663,2258,2406,1722,1494,1646,1897,1712,1164,1628,1685
370,403,87,306,526,631,761,737,627,46,124,51,322,21,89,56,87,113,141,28,89,42,59,70,103,57,272,39,141,63,58,108,1739,25,230,61,78,28,93,44,93,186,64,120,59
1176,1549,1457,1512,1171,1209,1340,1517,1582,4915,4045,4144,3504,5454,5004,4570,7776,2074,3461,3523,3446,4358,6348,5316,4201,2968,3836,4675,3876,3954,3824,3113,3600,4534,3908,2351,3710,5799,3293,3210,5298,5502,4483,3848,3676
1252,1419,1411,1966,982,1410,1806,1815,1553,4547,3809,6502,4638,4201,8107,5709,5130,2822,4407,1499,4031,4371,4837,7688,5058,2054,3088,4252,3466,4153,4751,3461,2148,6036,3705,3152,3461,2822,3190,5088,4185,6949,5346,5867,2017
579,548,565,683,513,523,465,643,479,628,1451,852,1735,3068,2090,2165,2684,1234,2935,389,2044,1299,1861,3585,2007,1103,1965,3241,2063,2053,1325,2215,2253,1420,1455,1642,3146,1667,1387,2807,2609,3137,1957,1589,1427
1520,1018,1159,935,844,1461,1309,1370,1230,61,299,495,279,45,125,165,274,18,260,238,45,5,50,840,427,19,133,245,133,1053,98,298,148,38,489,232,61,37,203,45,96,557,170,307,190
47207,67053,74369,50000,34608,70130,56582,78088,72646,1845,538,3014,7560,580,6646,3115,2436,2008,3348,20653,1329,1476,277,8645,2061,996,38395,5043,14603,7464,2442,1717,6,4190,15694,5908,1622,465,9207,508,7273,6810,4759,1256,7852
224,245,180,145,175,212,149,132,98,855,481,2577,788,827,1917,159,526,1228,757,149,1355,974,651,2059,2307,885,995,2462,1228,722,1225,107,2620,1752,1107,348,792,505,1546,10415,1243,447,1451,591,428
794,996,835,1089,666,960,939,1008,862,1585,2245,2567,1997,2188,2871,1770,2157,1216,484,953,2611,3437,2391,4450,2773,2176,3788,3256,1629,348,2441,2414,1211,2173,1265,970,3041,2174,1784,21708,2955,2404,1445,1776,1139
3606,3525,3728,6156,3359,4019,9074,4510,4555,9127,13274,12301,11931,20216,12899,12112,13460,13843,13231,8761,13725,14105,17025,21502,16092,8293,17377,10771,12139,11018,15954,14910,13298,17123,11699,14188,32391,6989,12273,8677,14619,15862,6961,35749,9057
421,308,156,140,345,341,176,354,432,4446,3116,1899,3956,4153,4365,8015,3873,15399,3544,771,5591,2281,2368,2914,2163,4720,2518,3199,2478,2856,3620,2450,1581,4713,3363,1750,3689,1957,1647,2695,3411,3337,3682,6278,7983
21847,28198,23930,35618,20637,24233,34524,37078,31705,1731,7123,4473,14828,2741,4886,18933,8836,823,8562,46489,8095,2228,12969,13200,1908,2554,15650,8006,16317,17200,3222,7325,11281,1708,7572,9145,4035,2385,15727,3136,4518,36247,10369,4258,2450
1780,2582,1000,1661,1117,1672,1419,2164,2285,3221,4480,6903,7237,7887,8226,3562,10197,15007,17894,5845,4554,4891,5957,11437,15857,7437,15605,10571,8778,38643,5431,30735,3623,4926,7014,27583,6264,9165,9828,33949,10127,22592,2657,6980,4409
4166,4240,6832,11370,3792,3511,6116,8141,5663,1244,1260,1339,1688,2959,1318,851,1648,1903,2234,2034,1795,2907,951,2846,1313,509,3773,2845,1771,2354,3263,975,1420,860,2192,1079,941,702,2010,1706,1371,1815,1695,1461,619
2655,1511,2059,2013,4733,4863,1634,1815,720,9754,13152,4096,9781,37199,10473,4292,9785,2465,23168,491,23233,8581,8314,19036,18007,720,7498,6608,22409,18182,8961,6119,5928,16919,14052,25300,6316,5552,7877,4319,35215,17695,3064,6443,1072
18420,27121,23614,28536,12018,22051,19936,37544,29828,11,5,9,3020,149,1982,1,21,9,14,9040,69,32,24,6,5,1,32,29,973,14,5,31,15,6,1455,6,390,11,967,55,10,4713,1196,54,88
2663,2580,3488,4177,1714,2480,2944,3394,2679,4138,6770,4628,6386,6798,6688,2628,6596,29544,4964,6176,5289,4749,7698,9165,6176,3801,11689,6188,7161,6225,2522,4350,5155,5974,4351,4783,4731,13666,5413,14341,7851,9791,3791,3677,4842
239,71,130,148,72,148,138,153,184,1272,1804,2421,2164,1550,3935,2506,1326,2245,2290,269,820,900,2310,6045,1096,1519,338,1683,2002,2708,924,761,562,1853,822,2700,546,1675,552,784,2002,3955,1538,1089,1302
403,213,313,504,326,328,346,370,350,818,1753,1420,1234,2412,818,836,1572,1918,2012,1480,1027,868,1309,3239,2146,774,1586,2351,1608,1843,974,1068,2338,1474,1638,1437,2449,648,1126,4197,954,1046,1073,1482,813
2090,2057,2079,2845,1669,1960,2966,2596,2302,9032,12954,13935,9302,6556,16997,15729,6452,9835,10534,3113,11307,8051,17101,6471,10319,5632,6793,8853,8304,9786,11526,7602,8044,8538,6089,9780,16802,6142,9125,10358,15767,16845,18072,15419,9616
95,22,32,27,26,79,36,34,34,912,742,1629,2216,1629,909,2013,1350,1714,1154,121,1430,714,1063,1888,1577,870,1673,1336,1328,1421,1120,827,253,813,1034,1041,1591,2458,860,2036,1069,1745,1707,461,703
25377,15920,37019,31079,13977,19227,17438,39541,32278,184,162,57,5580,311,1368,21,168,108,488,16994,1345,187,253,830,510,26,93,187,6078,174,57,95,233,26,7934,296,1089,51,3147,280,514,4965,1971,256,394
274,268,45,44,76,159,320,501,43,581,641,503,3795,4033,14386,12358,2591,446,1065,16,1155,1208,1899,3868,8792,6698,64,844,5776,2678,1905,11391,233,4696,1284,5558,3390,274,8144,646,1961,5511,6143,1638,2645
530,389,457,491,407,479,458,505,386,645,1317,1236,1293,1936,1929,1143,1854,1831,1757,722,1560,1397,1784,2519,1650,1183,2913,1957,2902,2015,712,2296,1621,1011,1575,1584,530,1729,1034,1238,1749,3538,720,666,1668
456,458,372,463,340,476,332,442,343,1467,1363,1305,677,1312,1153,1480,1097,1220,1633,682,1213,946,1319,2205,1299,1028,1310,2307,1516,1415,896,1039,4314,1175,1374,875,1047,1201,811,1089,1143,2249,1321,1546,2400
46932,35982,50514,55512,29746,48063,61751,67991,79710,8253,6205,11905,15332,3519,10043,445,4093,909,3352,42013,7735,1280,2045,3227,17588,145,2593,1166,13777,1370,9164,1926,1184,1790,16252,17764,3434,16520,8296,1211,4820,16167,11627,11683,1388
114242,238408,138030,195436,111665,157882,158867,161999,120412,43,2384,386,38486,4,15039,2129,235,8,672,2242,5,121,899,38,3600,2,14,253,15767,1020,155,292,3,25,46878,282,4708,202,16425,182,181,27217,11653,253,823
1143,1159,876,1282,931,1016,1389,1009,1011,2719,2707,2343,3124,3074,2558,3177,2253,2210,1804,1264,1956,2812,3386,2811,1639,1119,2789,1719,1769,1983,3109,2616,2732,2471,1726,1550,3026,2681,2246,1976,1786,2099,2623,4199,2190
2888,3502,3280,4419,2673,3433,3816,3806,3470,10056,13088,10970,13016,8763,9833,13394,10890,9153,7361,2788,7515,10032,11305,10646,9470,3451,9024,8038,6965,7891,16024,8718,8508,14572,8713,7064,9897,7668,6812,14822,10335,13890,15368,15114,6718
161,65,64,78,150,135,112,68,142,433,146,503,463,600,2829,28,558,1303,1417,23,2006,332,727,427,1405,60,121,144,261,491,38,11,443,614,504,589,117,580,1260,303,915,868,180,226,94
1077,1293,1415,1321,1142,1222,988,1303,1281,6157,1724,4037,1668,3547,3003,3124,2640,1662,2968,918,2412,2444,3044,3942,3221,1396,2420,4800,3020,3407,3799,3117,4114,2391,3939,2242,2628,1981,2574,3287,2744,4434,3653,2111,5345
698,630,527,755,553,651,615,706,478,1335,3177,3080,3664,1965,3721,2407,4395,2280,3358,994,2120,3275,3331,2324,3206,1800,2317,2601,2322,2961,2210,3498,2174,2843,2216,2584,3522,4124,2379,4787,3299,4114,2545,2390,2434
508,562,461,703,395,551,573,676,493,719,4054,2011,1769,2230,1904,1423,1611,2044,1971,901,2028,1268,1831,2949,2419,880,2225,1250,2683,2640,1242,2693,829,3009,1894,2538,1938,1431,1511,2308,2869,2788,2337,2025,1097
14312,12268,22695,19113,7766,11932,12351,20871,19311,262,3804,58,2727,0,866,741,16,4,6,4778,13,1010,42,31,243,4,1463,191,1458,25,331,45,2,52,3720,3,423,345,1392,148,6,2474,1290,47,378
25,29,18,31,42,45,14,34,32,37,110,42,33,464,120,183,174,41,145,55,141,51,58,236,52,38,114717,94,97,195,33,116,230,56,78,110,77,58,146,131,104,132,85,25,39
1901,2595,2545,2845,2412,3402,3040,2375,3002,10945,4855,6095,4395,6253,4730,9417,6993,2946,4417,4191,4311,5035,3534,9027,6680,3621,2644,6215,4875,4919,10377,5000,2570,11198,6758,4904,7125,3544,5860,2689,4857,8753,8472,11026,6175
1440,1524,693,1275,1144,1273,1336,1612,1333,5921,11585,9159,10394,4565,4466,3775,8472,4104,5639,191,6621,7272,7970,39615,7580,6398,3684,7335,15259,24131,4804,15129,758,18314,8316,15049,25368,8704,6559,4317,18537,29122,2000,5653,6802
1620,1002,1261,1266,796,1071,716,1278,888,2672,5057,3282,3106,4284,3903,3196,3005,3245,6839,1426,2842,3349,3379,3160,5574,2451,3983,6791,4433,5417,1925,3838,4665,2158,4030,3955,3687,5686,4815,7374,4813,5818,3022,2465,5418
334,274,244,385,379,474,263,292,195,522,3152,1321,2276,5302,1423,1300,1738,1207,2042,1681,2192,2213,1173,6915,2683,563,1748,1456,2189,2369,3479,1737,584,1545,1047,3291,1729,1980,932,1317,3678,7865,8019,3200,107
787,8948,1659,3493,2086,2490,3180,1456,707,18,16,13,805,6,117,22,12,49,10,8,7,32,11,0,75,7,104,16,352,8,34,26,15,3,2026,3,60,36,196,16,5,490,303,16,30
1083,640,394,240,789,961,911,611,851,3847,8577,12396,4569,8274,12205,4408,9358,5632,5885,328,8501,4725,11850,25350,9539,2692,1257,3670,5910,2208,2999,6403,2488,21027,2077,3355,16453,5986,4115,8919,17377,7787,6930,10924,583
712,339,256,133,417,810,194,291,307,2638,1688,3143,1427,4839,6235,3634,4423,1916,4847,2036,11434,2887,3350,6987,3641,792,4140,3391,7495,4615,2086,2137,4428,2815,2924,6703,2615,1167,2381,1314,6800,4168,1388,2948,4298
217,166,167,187,145,163,181,152,132,1040,531,884,561,516,841,900,715,723,1013,192,925,755,934,1400,956,540,819,739,1217,1078,887,1168,600,951,674,811,866,709,704,557,932,1135,661,527,745
3518,4513,2916,4089,2712,4054,4899,4273,3746,10956,12205,8977,6476,10211,11581,10214,9372,9959,14300,3258,7908,7929,11042,14689,10398,4172,10902,11195,10856,12094,10065,8094,10185,9018,9544,10156,9317,10891,6976,9642,12512,14408,10195,12965,7451
11795,12386,13111,18229,5941,13096,10168,20990,10876,2074,3256,4746,9331,5116,5369,13764,6148,11697,9484,4651,2502,4978,6900,5948,7578,1623,11554,3713,7516,8278,5932,2073,901,5043,7867,7906,5950,5201,6082,14874,4248,11125,6759,5570,7415
1594,751,742,1623,773,1253,1633,1437,1206,1962,19088,6625,10392,14203,10699,8655,20305,3787,11300,896,8605,8207,11303,36184,7504,1806,16632,7483,13245,12836,5132,19359,1011,17624,5252,29537,24905,9878,8512,4245,29229,15603,6877,6414,2368
599,735,952,976,506,675,603,836,697,638,441,256,547,772,476,421,368,686,355,195,676,864,533,1031,389,189,845,542,392,518,624,607,1151,848,475,244,682,744,551,494,295,409,507,356,496
8123,9897,21601,16581,3347,9813,10310,24591,19550,1281,1346,533,2960,4244,2036,165,280,2835,2156,2857,1546,1043,2123,1585,3262,93,2628,308,2811,557,197,130,171,1731,3496,146,825,1712,2081,6231,135,3405,1322,4611,629
1052,381,1047,479,325,509,397,627,529,1013,1219,3046,1311,1302,2240,1882,2207,1589,3645,555,935,1680,1295,3416,2565,1495,2222,2732,1808,1914,2663,1563,195,1825,1671,1532,1773,1938,2072,2146,1537,2034,1631,766,968
294,214,236,291,99,249,223,300,194,767,7312,2516,4766,990,3226,1015,1836,999,2668,383,465,3444,1576,4885,2637,873,1257,4885,2156,7799,977,8098,45,3806,2499,4920,1673,1607,2409,2020,5398,1343,1045,526,2034
14,9,2,2,17,7,1,8,5,42,38,467,53,361,378,171,127,174,293,33,100,37,188,123,614,16,18,712,196,147,66,42,354,123,129,160,356,28,151,2107,158,50,804,255,840
1426,1742,1381,1731,1002,1342,1769,1313,1760,3769,3030,3846,2728,4662,4476,3007,4665,1656,2379,1637,2324,4214,4229,5239,3176,1998,3660,3976,2941,3044,2435,2939,2270,4105,2556,2573,2949,2650,2750,1452,4022,4680,2038,4357,2017
11238,9743,10752,9838,5429,10401,12938,13666,16482,5317,9723,11956,5837,5031,4107,5393,5939,2726,4351,2009,3802,8394,6335,14963,10483,2142,2356,7222,5542,5201,2641,5897,2122,8628,9452,6083,11700,5839,6373,3746,12670,11924,3447,3057,4365
1543,1275,1182,1610,1605,1501,1289,1317,1132,8432,6284,6789,3807,5249,2594,6905,6639,4075,5151,2298,3648,6517,6304,7559,4495,3036,3931,6031,5393,4004,6982,4580,5396,9693,4187,3510,7123,6827,3642,4144,6252,5816,6911,5132,6630
1088,1138,962,1329,774,1057,1063,1256,864,2041,6558,4317,4109,5367,5190,4557,6505,3909,4270,764,3437,4921,4167,8814,4568,1685,5105,9828,6661,5740,3060,9941,2170,4931,3767,4464,6007,9237,4203,6035,6123,5032,4561,3874,2626
79616,146834,112222,115647,70592,116193,116531,140006,111625,46,8,16,22809,3,7198,21,42,3,32,109120,2,114,119,25,10,8,203,96,9463,51,24,121,5,5,26781,46,2604,83,5980,145,7,16524,5918,92,569
148,208,168,228,242,218,167,148,160,1362,721,1310,1181,695,1318,1871,1611,369,1387,132,1482,1219,908,1109,1226,573,195,1326,1411,2893,1880,623,858,2118,1487,395,1495,1092,1105,2361,1479,772,4677,827,1237
1608,1610,1329,1695,1105,1462,1231,1587,1335,3709,5154,5009,5016,3474,5520,3604,4761,2666,3911,2042,3677,5213,3378,7071,5318,2487,5603,5408,4937,5485,3723,4526,5167,5894,4672,3702,3855,2497,2317,2556,6344,8255,3905,2767,4082
360,296,298,384,184,273,345,383,365,244,934,713,834,591,982,925,1161,1001,921,660,598,595,804,1217,588,301,1086,710,1153,839,481,1355,813,878,784,651,1139,762,794,1493,902,1442,834,785,483
3204,2811,2327,4292,2087,2803,5888,3988,4569,561,2728,1299,6233,4437,2736,2041,1979,2242,1596,1917,2501,1126,2449,4127,1619,1427,4150,1456,2076,2540,1126,2406,4605,2333,2087,2609,3696,1325,1329,1816,2455,3950,3052,4967,438
6458,12684,6874,8157,7230,9957,8178,6352,7289,32095,17347,22280,19739,21833,26968,20645,11509,9947,11663,6018,23877,20110,17512,22452,15021,11604,11286,8874,15433,24627,20111,11615,59028,40279,21293,13831,17898,12844,18090,22578,23141,14557,26182,16394,20837
1112,821,750,1707,717,894,1393,1262,1195,784,3483,1638,2838,3165,4678,1431,3755,7960,3513,819,2868,1678,3057,2441,2911,1842,6584,3095,4020,4165,892,1211,1540,1998,2628,2548,2349,4803,1349,2012,3785,5823,1915,2608,1146
1871,912,1887,1952,1682,1872,947,998,1602,11728,16898,19221,5628,28108,9657,8679,7524,9347,7993,4107,13549,29557,9057,24734,12461,6050,6886,6482,12083,15109,23230,7423,1432,38945,7721,15411,6382,5531,7042,14496,26214,11430,8981,44387,5288
2447,1289,2783,3245,1797,822,1539,5554,1410,0,0,11,175,648,54,12,0,1,42,2,224,11,10,2,22,0,1,5,347,0,1,0,0,0,1004,0,25,7,418,416,0,215,57,87,160
358,348,332,457,271,335,313,347,322,1647,1273,1720,1474,1068,1813,1761,1207,1014,1696,327,1228,1016,1675,1634,1005,691,946,995,1153,1402,945,1042,2057,1114,1265,1141,1381,1991,1055,1916,1150,1639,2096,827,2050
554,324,584,828,360,473,533,694,509,1862,3263,2338,1626,1701,4123,2791,2034,1910,2221,1434,2831,2224,2302,3326,2087,1462,2978,2301,1600,2370,2250,3975,1429,2917,2522,1691,2890,3088,1650,4526,2100,2175,3038,1684,1987
1380,812,1229,1171,1026,1257,1541,1352,1106,2075,4001,1716,3394,3407,5519,3143,3428,2152,2209,690,3365,3591,2651,6201,7027,2795,2589,4252,6089,3232,3893,3341,1603,7396,2960,1442,2810,3318,3415,833,2390,5732,2085,3407,2782
5482,6851,3782,5790,2129,6042,6966,8119,8434,21766,21105,21453,7200,7185,13937,11783,14508,8410,18425,2047,10849,19282,21410,17562,13278,7682,22332,16467,24312,15330,8414,16324,34902,31933,14287,11235,16901,16302,26291,9066,18811,14862,14204,10410,30278
10621,12151,18538,23154,6750,9794,15250,24886,12775,1,1271,15,3079,183,1097,3159,27,22,3542,128,93,41,62,56,1818,5,727,27,1927,31,12,20,53,21,3078,415,511,63,1219,627,787,2884,651,93,43
1182,1342,1406,1381,1189,1171,953,1194,1335,5838,2223,3816,1774,1772,2816,4378,3029,2983,3311,1953,2643,2526,2392,3842,3684,1558,2424,5726,2313,2203,3751,3166,3007,2451,3966,1529,4030,3506,3328,4176,2001,2257,4759,2111,7084
308,302,224,249,212,349,196,285,217,746,1714,2133,1054,945,1141,5732,1864,627,1596,163,1477,1011,1038,1382,1020,280,1488,1211,2047,1625,652,931,976,1351,1006,1906,1039,831,867,1816,2035,1161,797,975,758
6383,7344,5917,7092,4850,7773,7584,9227,9205,1691,1047,3176,2401,2050,2706,7591,3931,2995,3436,6147,1051,2368,2021,2816,1585,1386,1989,2423,2051,1680,7130,1483,796,2464,2761,1685,2042,1086,3492,1531,1829,2880,5637,1735,1226
509,331,573,751,395,493,431,615,501,697,2749,2127,1642,1871,2772,2582,1882,1117,2018,1077,3450,803,1893,969,1488,620,5352,2607,2841,2335,883,1361,1775,1118,1245,2518,3578,1965,1768,1945,5223,3651,3561,1679,1729
330,274,563,616,246,331,331,508,393,1021,1277,2040,2423,3632,5447,3683,4547,2435,2247,2059,2002,2325,1885,2866,1878,1246,9019,1948,1649,1297,1461,1826,166,6324,927,1947,3207,1994,990,1609,3761,5971,2985,4149,632
180,171,147,190,132,153,141,126,170,710,608,763,352,197,527,644,768,259,582,203,304,469,417,960,376,228,1061,803,397,768,829,757,282,482,960,687,798,253,415,347,1164,558,302,332,777
477,385,445,647,306,388,558,619,502,1051,2708,2595,1288,1234,1165,596,1156,1256,1326,498,1210,1655,1850,3168,1208,753,2397,975,1792,3340,1212,1830,660,1839,997,1206,1067,1051,768,2132,2261,2716,1313,1329,645
351,329,219,258,231,316,189,255,244,2315,1756,1078,1282,852,2388,1228,1758,1399,1760,351,707,2020,1312,4230,2065,717,1156,4067,1995,2126,2038,1757,292,2327,1915,568,1153,1250,1844,1208,813,1783,1931,915,2399
407,318,244,383,218,264,210,325,228,776,1041,1709,1141,715,1658,1011,908,1091,1188,182,978,843,1199,625,1161,1151,1398,1243,860,1071,269,457,1484,414,1000,848,905,1612,932,1299,1388,2011,736,509,1630
900,469,634,987,524,803,727,838,743,1306,4243,2415,4845,3990,5137,2999,5130,1784,4078,2542,5031,3430,7604,6125,7820,2316,4763,3218,4602,3545,997,3399,1524,7747,2738,3688,3758,9743,2794,4893,6109,5783,2217,4655,2837
2959,5221,4417,4562,4098,4629,3423,2657,3904,46684,10608,23935,11465,14580,19901,14455,20764,6114,15656,3251,17767,16775,12413,17657,11028,8422,7562,12636,16398,19218,19310,7098,43098,30275,25528,14995,15042,16706,13622,14190,22785,11025,45287,13900,30495
181,224,202,202,160,262,103,171,180,1671,909,1457,659,745,908,1651,1104,570,1202,435,983,801,918,1038,670,660,1128,1115,570,1176,1573,707,1746,611,985,709,1201,975,741,789,767,1095,584,1118,725
75,8,10,3,6,78,5,18,8,15691,263,3618,1867,13012,4568,3951,5056,7782,5969,641,3181,539,1953,5973,7143,8197,92,5260,967,1563,3139,416,3,511,5867,4660,974,5595,5742,8226,4252,2513,437,332,19182
16706,9582,15303,13552,10541,22938,28895,21178,45148,30,7430,3182,8898,4,3832,41114,325,9,1549,16253,160,188,12166,386,385,9,36,92,3490,1124,373,697,49,736,6070,490,2828,1904,5080,352,102,11223,3930,8617,2130
8504,4061,4055,5794,8437,8724,4447,8008,5516,19800,24097,15699,48564,105122,41329,13784,34009,31025,51191,9101,90410,44728,25142,93369,40455,11724,67898,25372,58470,30950,42606,22394,13876,32910,29171,41970,29292,20887,35795,18673,89720,82954,11183,80407,2232
164,228,137,166,147,206,139,198,136,439,706,564,230,253,640,406,284,229,326,215,522,377,580,432,443,180,342,451,463,610,423,375,575,299,363,331,644,282,389,406,790,547,166,597,268
745,588,718,1001,665,765,514,857,500,1332,1684,2407,1425,1989,1848,1737,2189,1305,2670,806,1616,2070,1560,3811,1787,927,1955,2621,2061,2121,2339,1754,2070,1138,1965,1887,2048,1681,1681,2513,2311,2589,1864,1448,2564
503,405,430,466,330,489,350,417,302,957,1289,898,1378,2258,1713,826,823,2619,1521,412,1669,1801,1749,3754,2146,1590,2119,1316,1349,2787,1504,2796,2069,1646,1019,1287,1361,1652,1895,3224,1492,3171,1104,1482,1118
3482,3268,4933,6228,3081,4144,4257,5859,3986,6779,5508,9021,8553,6845,10550,9822,8410,6043,8078,6364,5074,9330,8200,11798,7438,5901,10894,10514,10088,6784,10423,10992,5886,19011,7133,5263,10080,10529,7170,4021,7763,16229,7085,5153,8682
389,379,404,694,241,395,405,503,409,726,2286,1175,1598,1726,1978,1151,1163,1720,1674,1648,1093,1286,2724,2109,1691,612,1876,1603,2012,1614,950,1835,953,1711,1561,1479,1643,3282,1129,2478,2234,2367,1664,1871,1445
771,763,284,343,967,604,366,487,387,1130,2165,451,1212,18728,4452,679,1935,1167,2209,161,15793,1150,1848,2037,1033,353,1943,481,3901,1045,933,697,1613,5547,3811,1576,1249,1090,886,3268,2329,1788,471,34073,215
1485,2057,677,689,1036,2331,2710,931,1460,1879,3639,2890,1703,11083,11992,6222,1593,10190,2609,501,19593,1488,2546,27403,1326,3221,3586,7182,1517,7037,2488,2135,779,4959,2311,3693,7368,3438,1121,21196,5706,5961,3783,2840,164
1178,812,1093,1731,718,917,1534,1566,1258,2320,6717,3954,4136,5038,6931,7337,5213,3423,6015,3028,4302,4483,6647,6628,5021,2477,5498,4466,4284,5412,4651,4805,2339,6515,4020,4057,6926,6504,3509,6935,5110,8060,7684,5177,3746
196,227,155,220,197,263,188,161,171,405,2877,2445,707,1293,3023,1041,1682,561,3338,520,1193,946,1981,4422,1304,275,11596,2256,1539,4651,355,2976,1460,1875,1222,2606,1611,1465,421,1129,2266,3005,994,1571,814
296,278,268,325,298,327,206,379,326,221,3928,1679,968,1584,1159,562,1239,374,934,256,780,1964,1702,1279,868,452,1690,764,1002,1477,1290,1317,3211,1236,1127,730,656,1176,507,1096,2081,1598,1324,1004,639
290,176,209,394,204,230,260,313,227,365,1116,603,562,578,1400,712,1264,686,1555,429,751,457,961,1257,1187,496,1355,855,1052,662,423,976,656,787,894,807,1559,729,480,1039,1298,1971,582,1375,525
984,782,594,803,639,794,818,705,618,1220,2317,1715,1133,1749,1277,1637,1836,1649,2517,934,1700,1485,1811,2482,1595,1104,2199,2371,2221,1891,1166,1637,3114,1750,1812,1495,2221,2294,1326,1493,1543,3028,2047,1882,2681
159,123,171,205,81,118,114,168,116,273,717,587,234,327,426,297,506,472,585,118,341,577,356,1664,914,302,541,777,809,719,231,852,591,442,466,419,396,253,604,990,762,776,439,252,1390
633,552,614,1114,423,571,664,995,553,1126,3442,1851,1670,1554,2568,1409,1403,1329,1494,1186,1407,1718,3037,1671,2637,954,2882,2329,3243,2556,1503,2783,1937,1375,1068,2343,2733,2447,1866,2413,3121,4907,1477,1823,1781
194,215,161,340,174,207,162,270,191,553,1491,800,1120,1094,2085,1351,2453,977,1600,378,883,1084,1615,915,1344,535,1642,1663,1448,1718,606,1411,758,903,1257,955,1176,1600,701,1770,1441,1594,1517,1451,849
996,1038,1594,1414,938,1390,1246,1439,1081,795,154,645,476,695,1289,1279,803,522,801,1122,643,320,436,392,419,213,923,822,404,672,322,480,319,231,765,749,627,786,308,621,746,779,395,698,870
963,1693,663,690,887,1285,893,805,1171,30,253,568,382,284,178,63,214,41,55,11,208,76,287,104,1049,39,53,37,336,94,371,37,22,159,393,536,800,45,240,1093,1641,465,2421,248,51
2113,2112,1982,2783,1486,1916,2313,2527,2316,2889,7172,4896,4879,5730,6799,5539,6511,3863,8027,1832,5193,5760,4787,9140,5770,3883,8300,3486,5621,6523,3943,5992,3216,5506,2950,4640,4502,7084,2949,5049,5955,5333,5252,6078,1898
2744,1941,1982,2485,1645,2264,1690,2374,1689,3946,9825,7551,5233,6300,6000,5258,4780,7046,10241,2636,6130,4621,4869,10591,9209,3903,9253,5088,8340,10814,4010,8345,9844,6557,7727,7733,5237,4841,8581,9536,7866,11946,8213,4759,11060
230,97,8,18,35,43,21,129,72,64,160,309,991,158,3182,1731,792,102,532,12,613,424,1094,556,1419,327,28,1498,952,152,159,4376,28007,507,1236,221,593,96,533,27,663,127,1893,51,92
255,208,152,168,256,328,273,165,214,693,1788,641,599,1142,956,660,826,411,1116,121,1449,1149,869,2196,1828,493,692,964,1216,1342,1131,1466,558,1860,1055,985,1853,1284,620,192,1865,1663,807,3334,226
5208,4519,9553,9292,3944,4405,6143,9923,8628,2266,2397,1344,1031,727,1190,1041,1122,1021,1548,4400,1338,2216,931,1240,1512,362,4174,2329,2008,1762,3141,2847,1104,1163,1817,847,4129,1006,2003,511,2604,1738,2148,538,1530
15448,14537,29528,34435,9473,19798,24777,28861,30016,4,0,4,3374,0,1746,2,3,0,0,1998,0,15,30,0,0,0,16,11,1707,10,0,26,0,0,3309,8,613,0,1208,86,1,3565,1302,40,191
1612,919,2308,1668,1420,2213,1289,1497,2282,5306,6717,3518,1586,6190,9065,15585,6426,2494,8311,3321,5178,751,9640,4337,5677,5026,568,6205,4522,5107,1235,3621,6167,3721,9102,5977,7639,3736,1242,737,10177,8443,2867,10435,2851
149,63,144,264,122,162,144,188,180,290,802,373,408,1206,1738,781,708,1232,2156,1322,639,543,498,1848,502,386,824,349,664,1420,457,3513,597,772,467,722,1624,1505,715,2019,548,626,478,414,619
1538,1404,1325,2143,1244,1473,1348,1654,1340,4892,5916,5427,5615,6114,7585,5954,5496,4511,5810,1924,4290,5120,6100,8649,3716,3483,4479,5645,5277,5274,4950,4454,4195,6772,3872,2004,7634,4918,3730,5389,5537,6366,6761,2644,3723
1072,673,1288,1372,795,1053,1491,1243,1427,1227,5135,3025,2000,1653,1402,2048,2043,1690,3551,2212,1613,1269,2700,3073,2277,1186,3775,2837,2439,4747,1991,1838,1697,1580,2374,1965,3014,3036,1994,2481,2382,3540,1257,2278,1457
508,360,289,178,390,518,224,215,195,1223,3600,3812,5764,3270,9620,4436,5687,2896,3376,212,6375,4710,4088,9703,5095,2493,5736,8947,2552,9543,5069,1925,1154,9448,2368,3097,4853,4037,5139,1356,5377,2193,4464,2889,2103
825,499,440,781,388,550,657,536,426,1142,1195,4097,2656,4104,4373,6773,4478,5805,5501,505,2707,1359,2309,1521,2345,1646,2981,3454,1738,1803,1095,706,1240,2133,1918,2165,3167,3009,1290,2760,4531,5509,3706,3523,2544
636,382,387,610,507,564,961,509,541,1433,1995,2807,1500,3211,8709,2827,3338,4077,2748,1225,3750,2077,1882,8514,3146,3147,3788,3274,3227,3724,2089,4028,3267,2678,2714,3896,2658,3435,1653,1448,5702,3186,2436,2394,2977
560,400,422,791,362,443,610,646,428,805,2367,1374,2024,1570,2741,1353,2683,1381,2647,612,1769,1921,2334,3005,2101,821,2817,1354,2674,2653,964,2076,1316,2588,1609,2074,1896,2906,1100,2269,2389,2404,1860,1566,1590
380,16,33,21,16,89,107,21,6,19312,2136,2228,3251,235,72587,54523,37736,2053,651,28,12740,11991,26898,1508,20115,10181,3264,2273,18989,16385,706,8297,1,237,6332,5954,44679,1162,7198,536,7279,2279,227,6538,25591
91,47,5,6,15,25,105,108,57,98,36,278,117,3602,1910,64,716,498,76,28,860,376,28,76,254,313,482,133,444,66,79,96,99,2108,83,334,38,96,366,85,254,38,437,929,24
455,215,212,191,213,229,227,175,169,1004,1718,2166,349,917,292,52,1460,315,3180,56,1062,1029,1003,2846,2830,665,701,6106,2371,2984,1049,797,2361,289,1805,756,2157,889,1410,3453,1593,1116,132,628,1117
3883,3761,5702,9333,3004,4315,6020,8857,6349,310,1262,1207,2366,1052,2333,960,1902,2253,1601,2469,677,351,1110,465,835,938,4496,1516,2474,1374,611,901,600,701,1905,1444,2238,2949,1387,492,2251,3704,1031,1977,1284
2700,641,10141,8110,4058,1984,4126,4247,3691,348,364,530,468,91,932,1535,203,312,324,266,101,227,223,526,1566,404,108,2071,768,704,520,861,1504,259,586,821,482,318,894,1870,1164,480,765,127,2526
895,677,543,809,594,735,871,701,663,3023,1993,4395,2134,2791,3177,4738,6615,1129,2104,1530,2152,4584,3222,8167,4113,3650,3360,3570,1712,3801,4461,5817,2799,1951,2431,3661,3490,1525,3797,1266,5600,2694,1879,3075,3140
5329,7217,3808,4617,1921,3276,8930,5018,13124,535,1421,1115,1968,2668,3696,418,1918,1336,1668,4722,2622,834,1159,1489,1299,700,12417,1370,1784,553,181,864,1026,1857,1248,1547,686,1384,1230,2376,1417,2945,722,3680,636
24712,31858,20110,25102,12820,25191,33515,33187,38193,1102,1316,405,5794,1849,2125,362,380,3,552,27428,897,2516,495,298,447,24,806,1632,8541,26,435,214,36,59,5502,21,1299,12077,2209,121,79,7396,1506,2279,458
375,472,309,679,332,490,530,442,288,446,1124,953,1059,4251,4045,744,859,1852,2195,730,2103,1748,1053,5174,555,700,6477,1015,742,4215,667,6439,353,535,642,4062,982,1448,806,1074,2510,1481,1690,5970,159
1252,1229,1446,1975,1215,1411,1967,1502,1451,6693,4713,9147,3853,3730,7120,7017,6849,2243,7065,3144,3271,2176,4099,4152,2393,2298,6120,6630,3370,4046,3137,2562,2218,2726,4253,4292,6687,7335,1156,3132,5477,4546,4948,5868,3960
191,135,149,154,173,208,83,131,121,1145,731,1083,859,888,1417,1222,1235,972,1557,363,872,656,980,1404,1282,377,875,1688,749,1197,845,629,1900,832,1256,737,1382,991,678,1626,783,579,1208,1349,2228
1475,1730,1569,2078,1695,1600,1645,1364,1285,14369,7883,16238,4332,4429,14675,11889,7431,4382,7836,3267,9140,7718,4725,12725,9147,4667,5876,10980,5741,7029,13518,5965,8648,5609,7866,4571,6575,8158,6190,10484,6610,13393,13259,12305,9516
1579,1123,1221,1571,1340,1306,1435,1753,1171,3651,5224,5259,5501,7432,9926,5624,8370,3857,7616,1465,6308,4074,5342,8973,4121,2177,3269,6392,8156,5150,5030,5465,5874,14999,4743,5767,7621,4060,3391,4137,5133,8007,6915,8780,7536
1165,1116,1273,1348,738,487,45,1679,86,4,3,2,145,228,97,10,2,7,7,1,60,4,6,344,2,2,1,5,90,2,0,0,9,59,114,10,3,4,55,5,86,179,7,2,25
2141,2173,1592,2649,1474,1999,2843,2603,2137,4159,13558,7135,6044,7163,11510,5815,7295,8564,11763,2431,6521,8415,8752,19530,8485,5122,9217,9092,10750,17506,5881,12656,4652,9326,7954,11003,9553,9918,4593,11505,12920,14101,7365,8331,4233
1158,912,805,1388,797,1047,1285,1209,848,1433,2473,1994,2345,3098,2981,2729,2891,2401,2944,533,2340,1967,2994,9250,3182,1572,4300,2261,2992,5919,1863,2269,2850,2484,1955,2376,2985,2661,1765,2319,2656,4663,1802,2989,1852
451,364,210,253,426,441,796,283,185,3124,2020,3660,1499,2236,1309,3227,1228,9183,2068,179,1325,1211,1955,1467,2123,1107,474,2076,819,3142,5646,1892,4281,1278,2036,2104,2543,1689,1966,1118,1406,3710,874,1300,1487
740,586,897,1369,780,699,752,939,636,1370,2269,3136,3662,2328,4697,5388,3640,3205,6247,1688,3096,2699,2524,4348,5929,1037,2748,4830,3279,2631,2744,3375,2847,2142,4030,2274,2927,2648,2764,6977,2422,3330,3708,5965,3337
3353,2552,2965,3442,1657,2264,4202,2505,2696,86,405,421,1049,850,725,499,380,736,460,1674,454,119,367,311,368,248,500,396,746,607,116,478,850,414,974,634,234,214,577,630,519,887,655,528,339
787,519,623,728,445,628,468,667,449,735,3332,1746,1480,2098,2803,1138,1663,2272,2586,878,1910,1766,3111,3523,3017,1038,2755,2818,3172,3962,968,2797,3557,1968,2035,2044,2262,2416,1768,3722,2114,3412,2394,1774,2319
1074,1322,1302,1197,941,1186,1017,1051,920,6168,2071,1035,1961,3265,1800,2774,2304,4476,1740,1582,2603,3285,1710,3654,3664,1762,2310,2967,2019,3439,3023,1967,1513,3534,2384,1202,1411,2732,2746,2666,1284,3221,2262,2281,4461
1482,1305,1408,1908,944,1351,1498,1669,1177,1766,2257,2427,3266,2553,4052,2416,3833,6976,2293,1603,2969,2177,2165,6302,3737,2998,8593,3994,3176,5733,1738,3977,906,3060,2853,4794,3028,4242,3814,2074,6171,2797,2031,921,1033
1008,546,875,981,644,765,601,744,935,3039,5801,9079,3986,3779,4570,5818,6138,2115,3061,2645,3338,5376,4686,26316,4824,3761,3567,6750,4628,8869,11645,15883,837,6342,3103,4718,3530,2863,2526,3218,7851,11454,5240,3048,1654
3443,3138,2869,4105,2175,3435,3122,3749,2261,7004,15237,9188,11248,9521,12451,10635,14381,8410,11114,2510,9381,12634,16331,12954,14030,4683,14482,13752,9617,10101,9594,13493,6938,13660,9458,8429,17310,18143,9481,17351,17542,15906,16050,14511,8398
227,124,84,390,127,205,483,213,170,405,992,1483,1440,765,1518,1655,1282,780,1563,129,1011,605,1330,1724,1893,959,594,617,2255,2186,689,1831,674,617,1122,1720,1820,1578,1160,2052,2048,3991,828,1148,1585
2792,2879,3868,3642,3111,3817,4504,5022,3293,25787,12133,34259,7535,9013,90945,90923,17102,9794,17013,4845,15934,63936,16676,27755,42422,12112,63122,23716,40940,14752,52874,7191,23483,34252,36983,11161,4032,10614,40779,1357,30525,27129,14191,5216,28698
891,728,809,1183,611,787,1032,1006,762,1149,1852,1790,2636,2448,3506,3049,2632,2092,1287,1327,2402,2212,1776,3724,1911,1766,4673,2184,2475,5707,1396,1328,1689,3329,1762,1300,2061,1782,1814,1512,2583,2339,1605,1297,647
1788,1849,2051,2950,1303,1910,1836,2642,1870,4493,5178,4571,9092,5893,4499,5596,8531,2630,3624,1739,3481,4444,7321,4128,6397,4724,4767,5316,3935,4879,3471,4165,2026,5185,5324,3833,7499,6119,6307,2777,7073,9537,4697,5675,3431
1108,1062,896,1222,1138,1220,870,1051,1013,2242,5632,3147,3867,6758,5043,647,3195,942,4295,173,5667,3319,4032,6959,3786,2514,5240,3004,3922,3228,2240,2847,6092,3437,1932,3019,4801,3333,4109,3091,3062,2219,3444,5028,458
305,184,127,284,149,235,263,255,217,372,1415,914,1260,3027,1869,801,1272,1994,1899,198,1509,770,1096,2734,1394,714,2908,1455,1511,2410,514,1330,651,1428,1216,2910,896,1659,994,2564,2262,1264,1570,1854,1094
1199,895,980,1768,823,1110,1257,1409,1071,1445,3038,3709,2628,5047,3824,1886,4034,4028,5445,711,3516,5536,3121,9043,4112,2012,6325,3557,4582,4499,2780,2389,2919,4784,3624,4209,2398,2752,3118,3505,4936,4798,2380,4399,2010
710,551,717,725,469,509,434,623,476,2101,2872,2016,2425,1263,2057,2604,1795,1418,2146,674,1603,1607,2296,2625,2789,1491,1598,3181,1979,1814,1722,1623,2729,1561,1677,1280,3591,2358,1962,2587,1860,2345,3759,1075,3698
669,721,453,700,402,585,533,745,579,1315,2391,1952,1606,960,2600,1370,2101,1066,2117,590,1591,1972,1440,2933,2292,941,3154,2771,3446,4187,1127,1322,2242,2002,2430,1999,1144,1977,1361,811,4003,3557,1204,633,1996
502,221,317,303,321,358,267,267,277,1911,9320,2707,7314,2107,6129,5502,5058,3152,3762,330,3065,4484,5209,4159,3634,1240,1193,5385,2767,4944,4253,8033,6396,7518,2948,3414,13053,5820,1746,1867,3930,4933,8674,2464,1644
3509,1670,2962,3639,1873,3134,3555,3554,2494,12454,9607,10189,10608,3455,14974,11580,11123,5728,9053,5195,3678,9779,2145,25993,12943,5323,48545,33561,15812,11807,20178,6048,457,11027,8653,3739,6408,11212,8968,4040,5028,9250,18536,3167,9945
504,450,407,886,415,525,385,759,446,585,4436,1028,3111,1657,2115,1308,3970,1451,2177,515,1511,1741,3070,1194,2242,1042,3443,1419,2528,2528,740,3089,1080,1972,1209,2070,2720,2988,1265,2305,2344,3154,1128,1314,814
205,152,96,114,193,261,114,108,128,2259,2727,4465,305,1157,4248,1878,3083,890,2265,210,2181,393,950,4296,3175,1498,2978,3158,1015,2749,5318,2346,631,1117,1449,1399,3967,1091,3408,1608,3201,3760,1110,2947,1809
500,885,814,778,417,474,804,846,548,308,519,426,426,182,382,142,906,357,458,222,121,557,156,979,453,386,504,638,611,351,252,222,20,547,554,272,108,309,239,75,453,322,510,199,366
769,688,841,1087,633,794,751,888,869,1273,2561,1410,1812,2164,1508,2407,1979,1710,1939,1203,1720,1718,2040,2383,929,972,3071,889,1441,1980,1159,2189,1488,2087,1677,1189,1707,851,1328,1512,1488,1526,2150,3082,924
429,202,382,574,420,373,455,336,442,1439,1729,1467,3546,1702,4854,5757,2577,854,1598,295,1948,1712,1900,1550,1761,809,2110,1717,1865,1761,2618,2208,1120,4578,1643,1353,3215,822,1571,1778,1174,1626,2310,2414,1620
1317,1036,1376,1256,989,1245,814,1575,1041,5075,3558,1586,3889,3555,3686,3640,3701,5170,3513,2028,3003,3224,2256,4875,2444,1880,3685,4771,3192,3878,3851,3246,3896,4905,2731,1569,3412,2898,4695,3404,1689,4349,4199,3017,4361
1513,1630,1029,1606,1399,1648,1569,1563,1514,5724,4725,10779,4820,5156,5951,14510,3827,2077,7912,2733,9552,3176,7003,4917,7881,1396,4930,9345,4818,8204,7692,5398,1298,1419,4624,8119,11714,5507,3314,6539,8128,35156,4647,14805,6144
61,16,15,19,22,36,19,184,4,721,1313,40,207,4647,1424,128,2124,38,2595,21,1712,354,457,778,237,65,418,66,2213,637,99,102,44,1824,713,1149,170,419,796,109,2214,444,79,73,46
473,416,352,611,282,428,465,521,388,947,2523,1395,2228,1778,2376,1218,2828,1795,1369,429,1587,1519,2237,2989,1882,1597,2880,1014,1451,2746,878,2551,669,2446,930,2372,1917,3035,824,2149,2909,1765,1383,1115,840
34,15,15,15,11,26,49,48,26,113,130,99,580,300,346,150,42,32,80,50,389,111,220,74,1069,2898,870,294,1340,1041,135,72,80,770,441,100,303,161,1771,197,160,279,667,131,163
815,721,730,1012,429,793,609,841,765,471,3215,2741,1702,1072,3574,2314,3820,3091,5469,812,1379,1298,2097,2347,2401,695,2373,3443,3519,2548,525,1005,1905,1106,2675,1930,2125,5815,1437,1389,3986,5175,1269,1061,2515
927,886,541,686,569,818,828,790,722,1659,2219,4391,1520,2926,5318,1643,1815,3223,5386,1085,1759,1527,2153,11530,1820,936,1639,4000,3795,9609,1099,6100,1531,2861,2305,5374,2820,3269,882,992,6916,6451,1441,3511,2374
1204,1260,1965,2258,879,1287,1215,1507,1060,2765,4460,3440,2904,3577,4292,3249,3364,3169,4098,1603,3066,3481,3616,5313,3520,2049,3839,3986,3803,3953,2963,3656,3421,4038,3351,3446,4012,3498,3169,3770,3245,5646,3955,5042,4484
1210,842,3948,2471,1781,2690,2358,3211,3390,1563,1894,920,1473,1466,1536,2944,545,691,2300,2008,685,1610,975,1946,1314,1105,1498,3345,1400,2102,3105,842,799,689,1740,1131,2881,1623,565,2455,1682,2196,532,2217,1819
5163,3816,6586,9815,3171,4095,11658,10418,3554,21,409,68,1393,13,351,6520,1795,2767,1318,2062,75,47,2366,74,4167,382,933,401,895,94,167,16,90,61,1345,49,3637,3569,381,12106,377,1732,937,100,335
1971,970,1318,885,762,947,953,1147,606,4099,7315,6957,2493,2898,4500,5393,5782,3739,7356,1684,2540,2702,3597,8020,6670,2942,2069,6870,5472,7613,5318,4740,8489,3653,6199,6530,4842,3669,4098,14495,3694,3779,10455,3094,5726
3119,2836,721,2720,1706,1826,2387,3507,1652,10,2,0,314,0,193,3,7,8,18,52,1,5,6,8,84,0,17,166,178,4,101,12,40,7,494,6,82,12,119,150,2,469,160,3,14
864,775,537,743,720,773,670,716,608,4387,2768,4038,3210,4355,3251,4232,4493,4299,3831,1031,2897,2868,3756,6923,3635,2994,4195,4934,3975,4083,3381,4755,9512,9691,4845,3674,2629,3663,2827,2780,3585,6515,3075,2543,3383
518,285,213,201,715,700,244,216,199,1150,1954,1502,1973,11843,6349,479,2781,881,3150,114,8703,3199,1804,5602,1451,381,863,1366,4073,2330,876,945,2900,2853,2544,2486,1601,1009,1083,1382,4504,8318,297,17214,472
257,234,196,198,207,204,136,205,200,2291,826,2271,1016,1637,1733,1250,1471,1100,2674,292,1365,2252,1312,3583,1380,1142,997,2093,1353,1991,2463,1505,584,1107,1847,1402,1847,1024,1734,1920,1878,1972,1313,1875,2485
2078,1529,1726,2873,1345,1814,2681,2208,1923,5695,13333,7525,15157,7597,11071,13398,10956,12787,9610,3895,6141,7764,13891,11066,5527,4600,8327,7067,8465,7670,7874,8753,4145,10166,6523,7393,20641,10626,7332,15217,8698,12353,14801,7950,5767
1281,2259,1243,1414,1587,1765,1471,1327,1311,17271,5216,9876,3697,5125,6917,5594,7470,3189,6468,1250,5587,4466,6225,5932,4907,2765,2706,6873,8705,7397,7252,4773,11362,18031,9487,6041,5482,7596,3087,7913,8501,10714,12153,4133,9043
1316,895,986,1805,1240,1125,1552,1496,1118,1711,4142,3170,4821,5963,4386,5689,4183,6692,4042,1801,4252,4024,5020,5643,3603,3358,5814,4182,5043,3471,4169,5833,9080,2426,3628,2988,3982,3754,3584,4214,3474,8824,4834,4424,2951
844,693,641,1154,575,720,691,858,635,1557,3598,2876,1934,1734,3396,2610,1730,2920,3259,1084,2617,2796,2945,2200,3049,852,3562,3278,3025,3183,2122,2835,2597,1821,1787,2354,2798,2955,1976,2180,4200,4460,3025,2599,2033
1549,1584,1321,2241,1300,1590,1883,1899,1432,2433,6469,3914,9366,6064,7937,5323,4951,10223,5550,1087,5399,5945,6606,7047,5526,2658,5654,4505,5236,5766,4010,6824,8038,6257,5179,3909,5335,4721,5020,10003,5080,7523,6051,7923,3044
2918,1601,2292,3152,2268,2648,2629,2447,3131,40544,23069,17426,22831,30914,26027,39997,33324,33970,12612,3440,15371,18796,18051,24720,29882,18022,11498,15860,15848,17119,31860,13394,12266,21283,19555,15269,27079,24202,18778,7591,18566,19224,24821,28811,14783
1019,1527,937,1113,1176,1409,1055,974,1008,3225,1907,3591,1701,3289,2917,1557,2720,1373,2260,533,3655,3284,1804,3054,2965,1169,1521,3041,2406,1868,2339,1639,8752,3608,12062,1669,1218,1866,3145,5597,2409,1632,2790,2822,3024
382,144,64,92,135,230,118,75,103,19082,3483,22541,4438,5778,5635,7128,8777,2550,9574,1904,6309,11281,6837,18707,8213,10812,8501,18691,4662,8931,15650,6766,81,7061,6162,7738,9744,7209,3492,2946,11712,12713,9941,6694,14881
1476,1431,1369,1814,958,1237,1714,1862,1509,6861,6746,6654,4730,3841,8843,4134,7251,5507,6983,3147,4332,5502,7286,14784,5136,3887,6013,6702,6826,6655,4759,6255,1325,6343,5282,5228,4218,8118,3704,3428,8318,7673,4211,2966,3942
315,137,137,124,346,279,148,133,217,3678,1666,6119,1285,1266,3810,4054,4226,811,6332,634,3099,2078,1590,5717,3224,2447,3130,6623,4551,4643,4243,2590,980,974,3769,6833,2043,3601,1517,3206,5260,12229,1240,1586,6774
1120,770,905,1302,805,1166,1150,1183,1022,1167,3656,2926,2180,2072,3249,2918,3387,1529,3949,1104,2825,3182,2671,6490,2336,1311,5614,3225,2821,5307,3041,4507,2097,4217,2690,2866,2909,1746,2078,1764,6431,4937,1524,3150,2036
465,327,351,692,292,384,416,397,332,682,1587,663,1066,1943,1242,1299,1590,1687,1568,619,1843,1375,1671,2144,1760,697,3110,749,2893,2559,516,2499,894,1138,749,2227,1276,1209,1261,1778,2272,3697,438,1221,1224
826,578,321,681,916,964,711,728,715,674,3181,3261,2169,3867,3264,754,1615,502,1948,261,2599,1937,3418,2617,2551,533,6390,1679,3158,1322,1330,1287,1726,4130,1971,2233,1556,6795,599,312,2661,4270,2486,6154,352
128,68,91,94,72,75,65,137,86,287,1590,729,310,397,637,646,173,336,577,105,219,90,1048,561,1321,222,1437,1001,735,1028,593,246,370,570,401,611,450,1666,537,99,388,186,866,246,451
510,573,511,953,536,593,658,898,541,580,1798,1991,1372,874,1410,2124,3172,1447,4235,1195,1048,1305,2310,1830,2710,835,1596,3191,2179,1102,1515,1813,1226,1209,2379,1665,1875,2229,1015,2250,3157,3608,2793,1616,3137
997,962,866,1340,713,874,1131,1001,878,2161,3528,2488,2642,2607,7721,3817,3428,3969,5828,1390,3986,2808,4238,4784,2735,1228,4515,3266,3573,3169,2645,3476,2397,2798,3041,3619,2905,2919,3888,5068,4340,7257,2876,5045,3180
625,623,201,189,393,524,853,834,598,352,705,2425,3533,3358,15587,560,8133,1817,1115,525,3195,669,698,1950,1882,989,2565,583,5929,794,719,14637,1461,6019,546,4081,647,3455,991,453,3757,1115,934,1870,3526
275,131,124,157,213,247,111,205,135,294,888,304,612,1879,1418,245,914,595,1278,173,2171,502,659,4133,775,234,1137,504,977,1125,416,417,886,1836,623,976,718,567,473,1813,895,1744,324,4289,107
679,492,444,736,558,599,655,636,511,2929,3524,3536,4538,4558,5219,4292,5630,3670,3726,1210,3968,4928,4462,5855,4243,2556,8268,3666,3977,5542,3044,5406,1323,6581,3168,4312,3901,5131,4301,4813,5670,4935,3982,2850,3092
62,66,20,146,108,51,33,66,55,187,168,2099,120,456,1022,156,974,469,1012,292,1422,98,156,625,535,66,47,2168,561,1311,142,210,584,247,500,642,144,164,83,1518,1460,1575,83,222,884
5045,5032,4433,5200,4176,4330,4509,6362,4785,9551,11557,6917,22062,13430,10250,15879,7770,15538,6769,15223,12643,9323,16353,14919,5721,5582,19330,9096,8329,8973,20739,18202,3752,9789,9559,5904,12237,19987,7381,11320,14060,18622,20471,9955,3800
231,56,66,85,48,120,64,57,83,363,971,2056,660,2495,1858,767,2114,457,1220,141,1222,1428,808,5956,1070,346,1846,4407,837,4028,1657,2552,526,808,1472,2000,755,1873,478,4780,3106,2298,1458,725,1266
902,376,355,320,941,903,328,406,582,6831,1194,7572,2744,5560,4320,542,3120,4173,1678,1248,3630,1881,892,6193,3536,3646,3049,3821,1130,1410,2179,466,3940,5018,2252,934,527,538,3866,1593,936,1479,8313,5103,808
139,123,124,222,90,121,124,159,100,170,493,455,275,784,752,876,671,599,614,284,641,199,597,832,732,250,549,468,677,704,241,565,510,350,472,495,640,802,290,1122,605,798,464,1056,269
839,682,1024,1445,826,879,828,1065,861,2507,3978,1302,2614,2634,2332,3345,3429,2636,2280,2072,2746,2003,1894,3637,2933,1093,2134,3297,2287,2033,2697,2148,3716,3366,2257,1191,2496,2658,2960,2896,1206,3089,2815,4672,3045
1016,456,343,383,802,886,507,427,418,8647,8110,11771,3774,5718,6183,5557,8317,3708,8734,477,7225,5764,7077,10887,8783,8043,17182,11906,6170,7025,5424,4145,8042,5566,7647,8450,9226,3931,5812,3028,11507,11501,7594,5808,6902
618,548,869,1031,363,544,1846,967,764,1000,2262,2853,2386,2875,2103,1447,3386,2246,3642,873,2495,2104,2756,2882,2793,1418,2498,2364,2150,2772,3280,1540,1350,2052,2439,2123,3567,2126,1824,5125,2878,5023,1723,4944,1587
2054,2852,2912,2652,2036,2951,2710,3954,3678,1537,1512,2593,2710,1851,3340,4775,2153,2503,2115,995,1521,1987,1405,2712,1457,2762,3088,1819,827,2051,1670,3703,728,2231,2010,2385,2646,628,2380,2345,1765,5176,2831,1633,1449
661,568,550,815,409,679,621,693,536,428,1981,986,1605,1288,2420,749,2883,1261,1805,440,1306,1416,1647,1203,1506,840,4320,1620,2166,1894,504,1614,1308,1829,1300,1314,1492,2130,1089,2273,2023,1741,1270,964,707
491,391,417,652,320,406,480,537,580,1368,1832,2521,958,1089,2729,1118,1726,1003,2371,527,982,1055,1817,1083,1013,580,1687,1278,1336,2221,774,743,1055,788,1102,920,1512,1764,618,1101,3243,2169,1731,1245,1086
448,498,423,764,331,464,653,592,535,630,1000,887,1486,1771,2189,1260,2114,1160,1685,886,1502,918,1356,1354,1805,406,1816,1301,1325,1851,882,1226,1087,1573,1682,1443,1512,1278,1052,1874,1497,1085,1541,2288,709
785,860,609,1060,544,654,873,921,721,576,2428,1607,2014,1890,2166,1481,2282,1123,3170,757,1403,1726,2082,2136,1919,1770,4048,2178,2968,2451,1178,2520,2410,1162,1572,1981,2118,1672,2512,2073,2209,3783,1159,1518,1527
177,144,51,115,200,158,94,113,138,163,607,156,271,1377,446,171,290,1881,811,199,4312,268,640,135,100,122,3230,56,340,381,95,397,142,501,261,520,478,512,163,1036,833,511,663,842,571
271,231,251,511,212,281,317,413,301,198,827,647,1223,889,1383,1015,1432,629,1613,406,1273,622,1133,1153,1490,420,1338,1345,1030,1367,412,874,564,1513,886,983,1161,1631,622,1634,1188,2132,1871,1254,920
1894,1778,1678,2367,1415,1911,2255,2024,1814,5329,6982,8153,5278,6760,12231,14014,7442,10418,4002,2275,5902,6991,8372,15460,6371,6213,10530,7637,5580,7361,8524,11275,2945,9287,5658,5602,8256,4967,8340,9219,6864,9079,8863,5254,7640
827,1199,940,1020,633,991,1044,1350,922,81,433,265,261,196,232,141,450,168,87,314,378,210,137,168,261,13,1425,427,502,125,129,132,217,278,370,395,174,49,269,326,428,347,308,57,191
2678,2587,2810,3872,1912,2648,2430,3401,2636,3490,7162,5352,6702,5708,8327,2950,8933,6045,7978,3232,5012,5386,6899,6397,7485,3585,10537,7877,8411,8992,3013,6241,5663,5819,5499,6290,6084,7606,5220,9268,6721,9500,4481,3082,4537
593,845,622,825,534,691,724,693,629,1513,2469,2540,2713,2895,4088,2674,2812,2369,2551,695,2058,2046,2682,3061,2170,1242,1514,1642,2169,2475,2541,2231,1010,2988,2256,1931,4103,1889,1947,2625,2222,4237,2177,2740,1785
878,1019,451,487,467,625,5450,665,1148,5701,1648,4571,2775,7558,7136,3563,5995,2342,2727,829,3219,1437,2229,5916,2202,2199,4266,4434,9072,2649,2020,1694,1603,6319,3820,3042,2612,2734,2844,1673,2806,7936,2146,2092,2223
149,119,104,118,134,160,93,108,87,586,2046,437,1027,1150,1079,855,1545,648,1079,169,983,2230,2608,2341,790,700,2010,1342,1311,2103,675,2740,476,2456,664,1565,2450,842,889,809,1840,1730,598,1854,1079
1486,2051,2129,2602,1388,1999,1758,2148,1855,8435,6063,5428,2809,1814,5333,4624,3840,3040,5086,3183,1832,4581,2709,12755,3156,2971,2639,3500,2655,9414,5217,7068,2070,3295,4260,4720,6598,2616,3794,4453,4693,3204,4408,4104,3616
107,42,20,50,30,57,44,26,42,2774,2266,3721,5191,3737,6037,2896,9768,7422,5414,1549,3395,3821,5219,15021,3178,3083,5703,6841,4397,5805,2176,3306,8,3049,3104,5592,2943,767,4431,5369,5777,7479,2665,796,3973
883,228,235,432,411,678,436,470,491,4363,3438,6607,13912,1093,8692,12195,23559,4431,8113,130,1165,11454,9297,8635,10545,3793,6116,8611,4124,7234,5768,8025,809,3249,3259,3976,4556,21008,8995,303,7642,16920,3626,1193,6471
7315,8789,7088,11924,6468,6579,8152,9684,6459,11004,29165,16260,14722,12863,17424,9360,14252,15535,23445,10298,11362,16586,14173,49429,13528,5857,13034,22493,21839,46766,9330,35299,8760,14365,16914,19947,17016,16611,11798,25459,18521,24458,10096,11889,11130
1902,1467,1499,2229,1266,1778,1787,2061,1539,2094,12524,5572,6107,4937,10413,2288,3952,5548,12329,3219,4888,7816,8459,17433,6147,4306,8400,7657,9905,20089,3455,19529,4570,6208,6523,9776,11093,9628,4745,9129,12217,11525,4577,4238,4052
3538,4096,5183,4500,3064,4206,3398,3795,3759,21104,5999,10774,5733,6218,7564,12679,8068,11145,5819,10184,5193,12198,5362,9901,5876,4869,8497,7404,5188,6412,21005,11318,8400,32285,9275,3805,11720,5351,11497,6962,5799,8482,9468,5259,14418
750,45,93,53,159,198,211,66,52,2307,139,7451,33920,1100,27113,1421,201,72,136,32,730,7752,245,34769,589,12332,824,8480,517,495,7535,65,23,1737,592,571,44,109,7603,70,249,1347,19608,2773,66
2381,1780,2681,3553,1532,2151,2238,3176,2131,2835,7740,3920,4900,4858,4865,3504,5190,9069,5041,3704,3925,5145,4600,7599,4815,3286,8502,2292,5067,8790,3508,4709,3620,4984,3982,6222,4249,4482,6375,5092,4674,6880,5644,4101,4797
160,124,121,99,151,156,83,107,111,1212,1147,831,816,910,1088,831,1120,1820,898,361,956,938,1191,2533,1558,977,1752,837,822,2906,839,1061,942,958,812,1157,983,698,1129,1112,1063,1413,792,1043,1204
113,9,12,5,18,32,6,10,11,1486,2727,2525,919,288,3024,2495,1640,328,3414,620,606,1103,1053,5724,1883,1112,39670,7319,994,7008,2401,2665,55,1473,1872,3470,3429,563,846,704,1783,2992,580,453,1409
986,881,927,1304,715,920,1124,1058,944,1572,2506,2984,2712,3453,6109,1619,3648,9782,3196,1180,3032,2254,3011,7223,3770,3326,4036,3031,2641,2641,1948,1995,2221,2328,2254,1694,1391,2063,5208,5002,1584,4510,3248,1688,2292
1527,1517,1305,1708,994,1445,1305,1821,1383,3189,4801,3144,2625,2621,3764,3633,3122,3041,4860,1588,3295,3310,4131,5008,3398,1824,4074,3250,3702,5016,2670,2819,4522,3053,3058,3514,3461,4293,2819,3472,3407,3910,2305,2720,2464
468,272,366,365,334,331,172,491,203,542,1681,1050,1077,1122,1354,978,1656,987,1397,392,869,1070,1221,1381,1649,352,1943,1269,1279,2289,999,1515,1256,1084,1214,2068,1534,1599,1053,2593,1502,1824,1139,1059,964
549,631,706,1246,480,576,802,1017,709,269,654,461,475,705,748,587,833,976,595,314,743,335,369,649,512,176,855,742,575,634,370,464,430,420,522,620,489,708,415,950,661,658,508,721,581
534,579,559,538,577,660,577,540,556,5419,1545,3099,1167,1965,1395,2728,1488,1641,2763,492,1507,1856,1406,2709,1795,1433,741,2234,2283,2387,2397,1616,4655,2543,2292,1746,1806,1546,1489,2876,1495,4043,2499,2326,3137
1106,948,949,1176,723,1060,1023,1150,936,1171,4777,2389,1888,2932,2393,1061,2661,3216,3341,1217,2981,1820,3576,3452,2320,1147,4893,2031,3558,5213,945,2736,3347,2033,2147,4633,1701,2635,1630,5145,2955,4152,1044,4319,1585
1231,1182,1517,1953,957,1291,1461,1947,1353,3527,2628,4330,4344,3094,7314,5048,4740,2592,6619,1928,2756,2354,4559,2770,2277,2298,6579,5101,3451,4663,3471,1914,923,1842,2747,3270,5260,8077,1484,1457,5671,7589,4297,3171,3380
462,546,416,708,394,705,591,580,679,920,1885,2691,1248,1455,2068,4464,5037,1732,3952,790,1465,1904,3163,1536,2456,504,1985,1796,5439,3942,949,1267,239,2508,2160,4262,2831,853,731,1938,3131,6634,1486,960,2062
5974,6070,5635,7780,5705,6265,8759,7137,6250,11782,16076,10690,12511,26532,18515,12784,12079,13397,14849,4178,18856,14151,18482,36202,14920,7846,25547,13472,13609,22206,10978,16086,17797,15966,13007,13752,15247,10726,12987,15893,14784,20655,14304,31526,8683
2254,3351,2179,2907,1260,1640,3317,3593,1883,3,10,35,541,178,308,1,78,7,63,326,116,29,23,13,258,1,406,291,255,7,19,6,19,95,786,25,73,31,192,248,62,394,214,82,18
86,39,28,72,73,51,12,11,58,15,35,43,63,124,78,25,35,8,24,9,177,42,3397,463,596,14,1165,29,117,480,46,3960,6,96,33,140,33377,19,66,12,247,56819,27,86,177
908,1033,1068,1378,777,910,943,950,1102,2929,2932,3316,2495,2745,3704,2300,3341,2256,2225,946,2409,2739,2255,2200,2390,1622,2475,3134,1777,2432,3396,1965,1679,3617,2560,1780,2414,2105,2441,3456,2456,2742,3343,2993,2358
1016,685,1221,1555,521,849,1509,1349,549,582,1083,404,495,875,600,95,609,410,1040,455,1531,199,593,255,251,216,1591,534,1025,1858,133,461,925,496,604,686,314,505,487,627,319,595,180,853,143
403,954,453,809,407,689,708,548,402,3891,794,2872,784,2805,1685,3198,886,2118,2314,1182,2847,2357,985,1279,1099,1361,941,2914,1559,1831,3116,638,883,797,1665,1387,1008,1055,5347,5720,1360,720,1812,1773,4871
1145,934,1076,1380,1000,1122,1236,1229,977,2656,6225,3131,2345,3101,4816,2635,5132,3279,5286,1801,3486,3466,5222,8207,4111,1810,5774,5742,4350,5896,2562,3172,3477,3967,3658,3401,5556,7232,2002,6594,4941,4414,4582,3461,3059
350,240,199,174,534,712,187,200,217,1079,1096,840,970,3948,2750,547,1577,596,1898,171,4687,963,824,2114,915,323,904,1657,2104,1540,622,754,1427,2272,2012,2138,1625,2352,1040,413,2658,2089,1192,3432,438
852,1030,928,1149,812,987,711,872,787,2684,2368,2087,1261,3101,2393,1420,1397,2602,1885,1330,2321,2315,1624,2823,1921,1305,3296,1906,1773,2022,1781,2017,3089,2680,1996,1183,2252,2107,1735,2373,2072,2150,1538,2581,1529
1405,1208,914,2060,776,1241,2296,1166,1285,424,952,712,990,652,1498,906,991,886,846,857,569,405,687,2306,1640,871,1728,872,1486,868,343,955,703,1331,872,553,393,743,861,798,951,1007,830,761,427
1905,1698,3310,3466,1612,2114,2325,3394,3213,10704,5560,6690,9898,7119,5971,6851,10650,3342,6914,1566,7853,6194,7250,5991,6681,3605,2285,2256,7109,4234,7136,4896,1957,6985,4362,6912,7761,5368,4779,10585,6436,10044,4131,7329,3595
3347,2436,2190,2450,2405,2847,3833,2384,2156,16934,16093,16135,20728,15386,19264,23469,19797,16670,9575,5625,16174,16811,13484,81366,12825,13787,9868,18273,21121,30432,20113,23051,9748,19205,15512,13459,12652,13255,22278,9535,22764,19099,21928,14031,10972
651,162,82,105,141,335,149,107,77,1493,4980,3970,1231,1105,1275,2700,5825,582,5083,81,1712,1619,4443,1771,2703,87,292,2087,1451,391,2741,702,4237,1779,2186,3966,2834,8105,269,311,4357,8984,718,381,177
4568,4546,1151,3442,3937,8533,3832,5466,3858,1082,4752,1838,2811,2164,2913,1299,1762,1555,2640,170,3718,1199,3485,869,689,759,1295,774,4421,720,1689,1223,9473,3652,3648,1139,939,1955,932,555,1800,3117,1282,4674,182
5457,12505,3784,6163,2756,8213,7924,6907,5762,1,1,8,1778,0,382,1,5,1,1,430,0,11,13,0,0,0,6,17,539,8,1,18,1,0,4441,1,152,1,353,39,1,1081,617,8,12
2447,1883,2148,3046,1834,2545,2283,3149,1681,6542,5644,5736,5015,6636,7340,4430,4801,6651,8172,2017,5449,6658,6203,8179,7210,2887,8628,8024,7783,8681,7190,5809,8839,6041,6300,6975,6734,10772,4909,7645,7833,8374,5679,7272,6427
709,502,571,718,466,556,549,625,532,4175,2143,3029,6474,2722,2841,11127,4009,2045,2930,1008,2211,4379,3623,3980,3801,5717,1871,3847,2992,2471,5280,6615,1801,6252,2208,2408,4785,2586,2895,2329,2557,4731,7402,1565,5017
174551,248590,265388,293997,137368,289014,235369,344387,241241,2096,2838,2090,37911,169,15065,1162,818,242,918,65459,20,1695,567,2645,739,424,6561,5650,27954,521,774,1723,1,108,61058,1104,5910,3241,17378,595,1802,34175,15409,282,4275
675,475,587,845,428,675,435,662,497,1023,3598,2752,5218,3714,4072,2526,4145,1801,2237,736,2452,3143,7765,3815,2912,2222,4930,2189,3011,4467,1630,2529,4629,5049,2652,4323,2717,3624,2739,1673,6771,6323,2623,1621,1855
1066,489,288,496,652,1608,2332,510,1013,1026,3650,3798,4445,4633,5647,319,5951,528,2068,175,4487,2739,8535,2888,4941,1231,2553,1104,2683,1049,2366,2704,1497,13162,3177,4107,9493,10698,2045,1818,10859,4118,1390,4164,302
933,685,968,1893,629,830,1147,1403,973,847,3915,1957,3673,3821,3468,3450,4989,1970,3902,730,3161,2301,2741,6201,4097,3383,5559,4109,6167,2890,1214,2130,767,2962,2599,2872,2810,2750,2721,3878,4078,7463,1851,2040,3157
5856,1878,9059,9309,2625,4541,7136,9772,5777,16125,25067,17330,28248,23041,15440,14313,14836,8614,15712,7058,4892,26444,23747,20364,36680,23940,43351,24698,22854,31415,21607,33003,3006,28223,19769,21730,33396,54571,21608,25595,28938,13196,36514,5693,18737
1358,1219,875,1144,974,1047,1585,1128,1079,1984,5199,3306,1874,3157,2711,3123,2136,3390,2691,1564,3033,1702,4835,2276,2353,1238,4100,2203,2413,3773,1489,1914,4575,2741,2356,3294,2082,2210,1760,4431,2200,3491,1989,5063,1617
42500,34693,34065,22797,21692,52577,60095,48838,93098,33,0,12,10752,0,5239,8,23,11,12,27,2,87,122,2,1,3,18,27,4833,2,4,60,0,2,8914,10,2030,16,5390,209,9,13529,4162,186,680
680,574,537,640,442,646,483,572,389,1852,2623,3377,1336,1268,1224,2126,1686,10373,3419,787,1653,1612,1975,3161,2287,1182,2397,3366,2677,3663,2362,1719,2402,1083,2349,1650,2311,2326,1587,2045,1946,3022,1163,1494,2588
341,239,171,262,345,290,169,206,235,1137,4079,2513,2540,4758,1335,2715,3155,2480,4093,655,4290,2219,5448,4942,2206,1636,2699,1441,3685,3313,1528,2027,1876,2453,2117,4946,5001,2295,1479,6684,3151,9157,1968,7902,841
1287,1106,2236,2123,1078,1443,1775,1469,1478,7418,3730,3973,5657,5506,8844,5853,4537,9180,3870,1867,3141,3654,4068,16473,3035,2529,4132,6818,2569,7977,4215,6303,3234,4722,3974,9673,3885,1545,4146,8072,4125,6939,10344,3452,5507
972,555,995,918,699,820,1030,899,753,1727,4844,2699,2445,3038,8750,5107,3741,4341,4259,1387,3839,2874,6844,5688,3832,3544,4748,2364,3909,4537,1599,4267,2874,3674,3638,3285,2356,3517,1789,1948,5456,5686,2010,3559,1707
595,641,548,669,479,575,495,569,445,1508,2109,1516,1294,1520,1665,1429,1638,1363,2195,527,1527,1643,1799,3350,1764,1102,2018,2067,2470,2200,1184,1518,2339,1684,1605,1466,1574,1964,1577,1942,1859,2661,1529,1582,1654
437,205,407,862,321,341,632,423,438,635,1564,788,1859,1543,1707,1930,1745,611,1568,1193,1390,1622,1800,1717,1969,571,2119,1736,1535,1745,2747,2099,1269,1894,1244,1558,2743,2353,597,2264,1635,1683,1565,3910,877
124,97,27,81,67,141,554,75,71,730,1406,1186,3514,3176,2458,1255,2774,1442,1464,734,2307,1889,4107,4709,3203,1824,1337,679,1547,4332,1810,9742,915,6927,800,2659,5789,2398,1043,7303,2852,2394,1118,5085,436
59,33,29,55,39,66,40,33,34,83,174,1168,593,11834,800,67,145,877,229,377,2056,306,168,754,3980,86,2850,260,292,2348,63,495,319,10335,252,1711,114,72,332,8405,1979,735,357,945,320
92,26,93,65,52,66,44,75,40,322,326,415,248,467,94,36,501,342,112,176,345,250,89,870,481,246,526,141,177,440,26,66,510,222,110,487,26,588,286,516,455,607,106,175,177
25745,23458,54884,52272,19590,24213,34070,40445,33450,11534,5354,6494,9893,3100,6628,12893,6575,9925,4370,15295,6660,5389,5243,5848,4383,2642,11487,4063,7429,10529,17786,5741,3515,6315,15098,4077,7236,4062,8821,5968,3897,8084,12308,5229,8405
969,849,783,1356,639,920,893,1145,848,1241,2929,1781,1909,3581,2890,2264,2813,2892,3043,837,2949,2205,2463,3208,3532,1727,5699,2037,5066,4855,1491,4465,2833,2496,3277,4067,2068,2942,2561,3564,4489,5711,1698,2096,2352
8667,11881,13148,13508,7190,5269,11835,19633,12828,133,461,604,2293,829,1020,979,1332,669,811,940,612,597,461,764,784,90,852,573,1845,430,1657,274,208,473,3496,866,732,581,933,3465,616,1868,2571,453,789
371,248,238,760,301,283,393,259,397,83,439,40,182,204,292,23,276,26,288,28,748,121,121,230,387,53,301,65,341,50,57,37,89,178,360,68,87,134,151,432,270,261,145,71,14
178,80,99,98,183,194,76,79,64,1434,735,1379,333,1897,500,598,2329,191,1599,208,1163,3217,1028,2887,1274,510,1570,1347,390,1727,1508,2205,938,2467,862,482,2937,730,390,559,931,873,834,688,164
1044,654,524,426,939,1375,402,545,361,3379,3311,1392,1900,11174,3354,1190,6128,2891,3678,1201,7498,2395,2340,7703,3467,491,2570,1029,6245,2420,1501,5001,2042,3619,4151,2430,8152,1224,1767,763,6702,5350,1277,8346,2626
734,749,595,671,513,612,947,580,450,2253,1596,2191,1037,1609,2549,1683,1127,796,1635,663,1639,1868,1157,2029,2879,1034,2504,1867,1631,2353,2110,1486,2072,786,1675,1691,1741,1337,2208,2113,1605,2410,799,2475,1586
1332,833,262,487,2548,949,727,910,978,566,17163,3538,7963,24399,10292,1705,2823,2543,17273,4348,8267,1936,3134,3676,2557,1196,504,6789,7361,1734,686,2201,3580,5957,7297,12303,1214,1591,564,37041,9802,6690,1261,7414,264
3194,1584,488,11004,626,1920,28797,128,2289,69,5242,174,770,1414,4220,47,1067,1112,562,389,1066,51,1168,156,422,23,33,27,1380,6394,88,891,605,885,8691,4587,319,151,206,303,1349,281,4844,2682,318
