438,1516,901,1131,835,980,641,551,729,333,186,829,1079,882,1309,1011,586,310,823,1653,1083,327,684,240,687,477,104,552,952,351,410,1160,185,629,527,752,829,293,421,369,162,393,1013,1112,1020,689,305,316,1387,151,625,608,221,284,1166,376,914,1219,844,1437,277,718,498,85,453,794,176,882,1002,294,899,782,2148,677,783,607,261,1079,1403,268,1231,992,225,493,929,418,301,192,1466,456,148,437,431,252,112,1151,283,307,711,228,909,235,250,700,1300,992,176,433,350,789,377,683,1098,207,766,920,758,448,521,310,1373,218,150,115,793,1174,979,303,290,937,191,890,855,486,277,772,1014,1380,1131,406,1045,1385,248,283,349,945,831,972,323,944,306,687,326,239,233,1475,327,203,1491,165,257,209,953,854,107,230,690,751,260,261,577,681,472,643,761,1509
3388,5941,2455,6346,5488,8878,2401,3087,4623,2066,3984,14473,7215,4834,5043,6019,6715,2882,4228,9742,11138,3016,7000,2758,5131,5943,2492,3644,4919,2166,2708,4800,4208,5129,3011,7475,5420,4762,2791,8205,2973,5232,5732,7372,9458,5062,2794,2373,7227,1772,8837,4334,2491,2591,11780,2033,8858,7620,5337,12515,2518,4619,6399,3414,5910,5521,2872,2005,5277,2100,6823,6683,10216,4475,8886,6244,3036,4634,5155,3123,7880,5685,4595,4000,9436,4372,3909,2707,8486,3339,2708,2371,2227,2873,2879,9558,3097,3185,5414,4062,6674,3288,4051,6680,7508,5741,3022,2634,3238,5940,2274,7736,9857,3122,5535,10024,6131,6419,2542,3197,6402,3364,2133,2076,5772,8954,4679,3280,3032,7622,10429,4589,8501,3151,3119,5395,5831,6766,5908,7743,6607,10222,2252,2894,3785,10674,10651,8636,2168,9028,2247,5679,2976,3288,2554,7476,2886,2410,8234,2673,4015,1205,8743,6107,4211,2384,6157,6207,3764,2727,7061,5454,6809,7742,1583,10794
915,1532,894,1004,878,1634,664,1026,1523,613,1257,4829,1985,2822,2040,1353,1379,1375,1751,4030,3542,1836,3144,635,1932,2345,639,1810,2453,1099,873,1895,623,3535,901,4567,2897,2344,1262,1333,752,4184,1677,4016,3165,2577,777,1228,3928,210,3184,4523,811,674,4740,627,2285,5021,3306,3040,949,2452,2367,522,2795,3524,518,715,2641,755,2045,4564,5232,1072,4023,2154,1315,2701,2820,1159,2168,2778,832,3624,5274,1464,1219,176,5868,940,934,778,950,1361,668,4666,3149,2459,1989,1649,1571,1030,1121,2352,2149,3064,1138,1284,1208,2759,1144,2903,4486,1217,2121,5444,2780,2519,1779,2297,1586,576,1634,389,2168,4200,2389,2509,698,4819,3856,1727,4928,1748,1381,1874,2554,3154,3026,1495,1932,4645,733,1467,1129,1765,3731,4617,863,3654,1201,3510,1243,790,792,3438,1710,938,3804,568,2293,608,4709,2122,1322,1817,2227,2431,1244,1300,2365,3960,2103,1823,647,2799
4554,7872,3964,8695,7655,9851,7177,4115,7999,11111,9904,22727,24520,3908,13813,21245,8526,6151,6964,31845,30425,4616,40792,7041,23403,14048,12029,27015,10513,11307,11028,16391,22919,26530,8215,10889,21169,7819,6819,7144,7217,5950,19498,13270,19824,16498,3513,3117,17425,19260,29598,6136,3537,5386,36035,7138,18437,25382,10904,19079,8891,16105,28366,8943,11615,7738,10428,6364,16574,11607,12002,5321,33258,30257,24870,11373,13267,10668,7679,9360,17292,15610,12717,10951,17751,9525,5028,17022,18053,9142,11671,4425,7810,15044,9480,26600,8227,4011,21120,11999,23573,13292,8021,18022,6178,16019,4327,10386,10655,12388,4301,12151,16741,6328,11099,18297,8113,4798,11171,9688,8472,9884,5114,11161,17946,22069,6493,4377,6467,30383,6859,14022,21235,7750,5160,13226,14404,13890,14732,7850,14314,20374,8921,12265,6670,25614,16400,21619,10674,18940,6858,18543,17212,16529,6362,11808,5158,8341,19114,7808,12212,14377,16776,17148,4655,3729,13031,18164,5075,6446,17626,19898,16085,27590,8870,12793
2908,4016,1882,4379,3848,6814,2361,2058,3849,2925,5406,13986,7362,3307,4713,7642,4583,3433,3585,6820,9985,5632,8218,4801,13321,7090,3630,4994,3764,6457,5361,5380,5167,5121,6010,5092,6839,5100,3199,6323,3197,3487,5585,6483,11831,5416,4035,2158,5922,2702,8094,2863,3199,2895,18163,3589,7165,11399,8400,10305,3261,7526,7811,4888,10134,7089,4003,2838,5757,5212,8216,4381,13199,7617,9816,7256,3284,4696,3734,5288,8376,5707,4572,5427,9507,5304,4779,5381,11047,3866,5529,1824,3808,7488,3785,10682,3435,2290,6101,6085,6966,5530,5291,7628,3421,7298,3026,3938,3963,8811,2465,9483,7619,3333,6227,7886,6489,6793,5927,6518,3123,5287,2717,3158,4677,9047,6438,3022,3420,15380,8615,4755,8288,2330,4300,10077,5604,6119,6129,3798,6259,5767,4127,5181,3531,10878,11378,8921,3635,8329,2417,5065,8029,4251,3878,5491,2974,5273,6286,3799,5272,3578,9397,7985,3090,3829,5571,7498,2829,2787,6536,7033,6829,7903,1411,7432
1362,2166,1571,1926,1836,3057,1314,1641,2507,1182,829,1821,1679,3184,1934,1758,1376,1111,1971,2470,3643,1533,1952,1217,2352,1315,475,1992,1101,804,738,1732,1352,3178,708,2581,2047,1608,681,1574,810,2448,2053,2485,2959,1734,931,1112,2080,337,2828,1856,915,1226,3799,679,2781,2909,2001,3840,820,2095,1915,497,1929,2212,739,639,2043,896,2882,3621,3194,1387,2627,5155,853,1782,1814,814,2377,1589,725,2360,3514,1799,1278,445,5124,1227,761,755,863,1163,688,2772,1080,1878,1960,1960,2164,1045,1529,1534,2664,2317,1281,950,1018,2430,1723,2864,2118,835,2302,2420,3677,1362,1596,1359,2255,823,947,415,1826,3375,2122,1363,844,2719,1088,1342,3258,1657,1010,1374,2812,2450,2145,1071,1350,2783,931,868,1667,2815,2169,4050,1123,2181,910,2187,1009,584,991,3143,1031,781,2608,741,1106,640,3363,2129,1425,964,1333,1772,1783,778,1546,3030,2323,1735,384,2907
415,11681,13490,3928,6759,601,5224,4884,4795,976,394,3196,1769,861,7839,1828,3725,400,1821,1760,1505,758,347,505,714,1108,326,1037,595,125,323,4390,228,469,432,1922,890,545,169,121,240,960,1977,2934,1364,251,3247,145,4541,337,957,893,365,183,1512,299,1928,1296,727,2744,540,1371,339,153,769,1647,495,1662,2051,341,3939,763,10003,387,3464,193,288,8355,7269,157,4136,3142,352,1264,5411,587,1654,375,827,347,265,1418,653,264,186,763,243,382,1630,361,3188,307,169,1492,2754,1772,398,632,533,1971,331,676,1395,146,1530,2575,373,506,1168,1002,7996,599,127,601,1939,1518,1595,328,544,3176,1990,4322,2496,251,1358,710,3717,5319,1965,471,430,2551,200,496,541,2992,2096,1319,185,4582,1249,2981,378,777,486,5273,975,113,5173,216,284,176,1175,888,67,156,2593,2007,183,395,1932,3415,1438,896,2335,6519
175,291,211,219,206,257,421,169,410,569,74,428,239,143,435,354,410,53,284,307,232,94,317,93,216,169,41,195,170,80,83,254,16,295,79,432,338,367,142,322,63,203,202,215,299,180,86,61,570,38,247,233,51,89,277,144,139,202,253,365,86,303,162,35,185,303,66,261,270,132,209,250,524,431,232,173,58,365,529,37,184,350,258,417,146,141,72,144,436,98,52,148,133,86,15,352,54,189,321,101,411,168,76,259,257,265,93,76,134,147,110,270,302,44,206,257,129,172,92,57,296,54,127,39,210,445,181,78,63,335,196,578,202,101,98,326,297,341,141,149,111,376,88,109,76,325,191,174,73,388,86,278,94,104,83,328,58,76,330,62,81,151,166,203,61,63,338,259,76,61,326,129,348,252,521,459
423,477,427,456,456,658,489,465,582,446,91,258,379,518,535,557,462,101,621,561,443,220,432,148,288,275,61,397,421,199,155,356,53,736,162,457,471,557,275,468,95,308,296,402,603,493,92,419,490,44,518,253,160,59,587,220,767,682,486,653,166,421,327,68,414,1077,72,340,419,208,461,658,483,300,449,375,206,395,415,89,588,313,139,346,461,450,207,155,1133,294,184,158,179,117,58,430,114,146,281,371,579,200,142,363,561,594,311,135,185,311,210,365,524,296,308,450,429,655,203,119,665,139,168,71,366,1221,313,223,215,525,255,438,425,186,109,260,557,609,306,254,260,398,97,271,103,281,747,366,200,503,149,397,183,174,174,920,185,263,838,68,164,247,554,513,148,184,479,503,257,98,766,314,654,455,370,751
541,1236,802,1309,1045,1282,1077,592,1286,1009,647,2550,1584,1050,2212,1912,1839,481,1020,2776,1413,696,2300,702,2052,1451,260,1420,674,663,296,1223,202,1137,824,1927,1629,1169,553,863,569,1063,2076,1741,1165,1206,620,564,1369,259,1788,632,444,455,3126,612,1150,1502,1099,2367,612,1245,1455,474,1356,1025,395,750,1575,570,1113,1028,1338,1160,2156,1427,260,1714,1309,546,2126,1870,866,1382,1522,810,345,581,2010,771,837,565,525,619,210,1744,607,773,2086,802,2614,712,594,1516,1451,920,589,681,731,960,436,1749,1407,463,1253,1545,1132,1082,742,367,1262,350,766,250,1655,1200,914,489,436,2126,1225,1411,1612,543,493,2537,1441,1009,1717,884,874,1625,572,899,520,1994,1103,1524,500,1826,590,1306,695,870,590,1688,464,912,1366,411,606,555,1334,1301,530,572,1616,1980,656,556,1430,1610,1400,2024,608,1519
2670,5308,3259,4807,4365,5204,3197,2670,3327,2346,5225,10805,15602,6278,9737,8867,3632,3653,4430,30768,19700,3881,23282,3572,11748,12896,1292,14065,12646,4074,3494,10661,1490,23465,6153,9044,18623,6394,4908,11822,3573,5525,12209,11150,12918,8835,3651,2710,15134,1478,18895,8851,2139,2531,23048,2459,14972,20104,10116,13414,3671,13584,14144,870,10231,6864,1278,2918,12268,6081,10505,5167,20956,11743,11645,7475,4301,6231,8636,4922,14063,12539,4093,6079,17350,7912,3358,7768,22433,4695,4255,2503,3881,6550,695,27656,5978,3100,9764,9280,15498,5608,3486,9944,6065,9174,2163,5595,4847,6054,2824,7747,16726,3419,9808,10734,4879,9852,5558,5350,4580,1413,1604,937,15575,17057,9987,3358,3788,15064,3991,7792,10483,5268,4279,7753,15088,10930,16052,4245,8848,19282,2927,6529,4289,10705,13482,16769,3290,9842,4652,12347,6930,6330,3398,8687,2539,4109,13817,3508,7988,3713,10633,10585,2953,2482,9698,11572,4294,5389,10059,20136,8921,16464,3693,11605
2115,5056,2721,3243,3672,4505,2670,2439,4321,1979,387,2768,1789,1662,1118,1311,1793,621,2310,1920,2541,574,1028,1086,1089,757,473,607,901,1057,1013,1376,714,1551,972,634,1210,1214,634,987,573,2422,1196,1407,4264,1255,121,852,1767,271,1517,1126,625,1571,1620,1061,1769,622,1489,2330,699,1792,563,632,2299,895,912,667,1733,1183,2597,1976,1928,741,885,3188,292,860,1103,663,1179,1212,719,1329,1358,544,1159,230,5228,1155,433,1417,1050,112,585,1232,678,1029,452,1260,1638,706,1629,2301,1441,824,1529,933,484,1588,508,2918,1524,443,1391,2059,2761,1374,583,195,1748,972,1044,272,1382,2196,1098,839,656,1451,1374,1111,1722,707,1025,1382,915,1998,809,994,878,1857,947,450,591,1752,1119,1329,471,2876,520,1244,718,245,1087,1756,613,738,1965,391,269,389,1571,1849,745,747,755,1709,1691,614,1083,806,250,1002,793,2635
1737,2798,1483,2871,2315,3981,2054,1354,2302,1893,1185,4335,3815,2971,2662,3131,2744,1168,1907,5044,4061,1492,2868,1284,5621,3892,544,2703,3557,1302,1183,2343,835,2667,1552,2450,3589,1479,1736,2741,1152,2120,2964,2515,4915,3327,890,1398,4672,656,4481,1810,735,1279,5656,1278,3751,3665,2494,6568,1469,2111,4010,651,4314,2871,672,1575,3121,2387,3772,2790,3822,2796,4283,2478,1578,2670,2931,941,3413,2889,1144,3704,4154,2250,1557,2074,6967,1810,1384,1355,1966,1265,434,5438,1450,1259,3181,1828,3354,1303,1897,3799,3271,3845,1807,1245,1394,2369,1776,3495,4023,1337,1992,3354,4925,4944,1515,1129,2635,792,1203,516,4331,4603,2908,1379,2116,4375,2243,2238,3031,1319,725,2826,3436,3217,3441,1736,3815,4152,935,1600,2132,3592,3787,4900,1826,3533,1586,3064,1720,1507,1208,3003,957,1562,3636,933,1139,1235,4469,2880,658,966,3473,3542,1943,882,5542,3027,2883,2269,1269,3193
5338,9490,5234,7495,6956,8392,4922,6574,8662,4903,4161,40168,31226,7464,12395,13024,7510,4276,10193,17253,27409,6011,13201,3097,8508,8000,2534,16450,9928,4928,4149,14497,1541,9817,3755,11808,13356,12379,4782,24348,7139,12877,12484,16159,15785,11519,4274,4513,18113,1291,14396,8433,4063,3667,21708,2326,20699,15153,18143,13270,5594,11674,15659,1375,9805,8279,2181,3390,12971,6701,9324,9780,27940,6973,24690,9961,6190,9350,16294,4346,19628,11732,5919,9239,12804,7732,3186,1758,22491,5371,4180,2987,3287,6233,1334,14255,9376,7629,9156,7759,10269,5708,5972,12463,9976,18397,3393,4870,8219,12186,3422,13997,14733,4458,12261,27168,10373,19451,5067,7970,7597,1641,3253,1330,14775,21377,8095,5480,4325,19174,10467,9631,19803,9225,3797,8971,14817,14285,15090,6111,7390,18726,3116,5937,4321,23182,16620,19275,3091,31406,5177,22773,6208,5047,3145,12089,3889,3623,13982,3572,7879,2394,16132,13241,2804,3694,11652,21453,5420,4735,15274,17315,13090,19640,3433,15434
188,1955,2499,908,1238,193,3094,874,1283,971,7,376,112,40,1140,322,181,3,266,284,126,144,294,46,145,37,29,137,38,27,50,900,9,27,104,42,205,96,24,100,29,98,423,314,138,20,36,17,963,34,92,143,42,29,122,16,173,807,142,101,249,62,34,17,35,142,67,142,1087,111,694,113,514,199,342,31,123,514,315,54,706,400,29,77,180,174,25,13,172,32,57,296,49,31,9,146,11,34,243,34,172,24,18,52,70,304,16,53,103,184,19,70,98,8,278,261,30,19,388,103,1252,80,12,82,307,104,375,46,33,221,154,963,296,26,24,39,426,524,343,85,40,211,28,99,21,88,154,60,36,550,117,448,65,64,167,208,21,36,413,11,46,50,84,244,5,11,116,260,4,60,34,135,64,29,24,212
469,1302,636,1344,1141,1633,530,536,964,496,1174,2177,1357,805,1523,1263,895,662,772,773,1603,751,1297,1072,2131,1320,852,866,946,555,762,1010,1889,1278,1031,1177,1439,975,581,1265,677,1918,1529,1280,1531,1006,1219,539,1344,618,1665,934,532,535,2965,536,1400,1893,1178,1341,799,1396,1265,1460,806,503,1049,513,1333,530,2535,1112,1512,1331,1837,1779,603,983,1401,712,1394,1309,862,1126,1688,1024,993,1751,2122,813,789,496,702,883,921,1568,857,537,1245,1128,1440,823,1201,1953,940,1503,591,776,559,868,240,1584,900,597,1254,1174,1338,1440,924,929,1312,931,671,916,1629,2066,1200,644,554,2471,774,1259,2138,828,751,1303,1090,1147,987,768,936,1201,987,1283,1001,1651,1387,1480,415,1189,603,1381,771,834,778,1459,1025,830,1193,604,789,444,1695,1196,900,357,1536,1046,835,599,803,1024,1107,1111,253,1498
700,459,367,1625,1070,1847,738,659,1141,740,65,7,117,540,263,429,466,36,856,792,19,80,450,100,257,122,2,69,531,134,30,20,65,185,28,155,39,144,28,11,56,267,6,35,37,742,20,15,27,20,224,23,184,99,232,54,100,273,13,55,64,6,104,244,7,461,84,201,37,36,379,2401,24,4,15,289,33,420,35,2,165,33,396,235,411,240,10,9,235,304,143,83,65,52,97,34,93,375,261,140,631,154,21,102,44,102,78,72,11,260,179,544,276,109,68,9,761,70,15,4,326,184,141,97,20,275,294,81,115,217,393,66,138,119,104,279,64,34,50,194,262,286,71,30,44,34,800,71,211,64,60,48,158,57,69,1505,112,126,136,147,48,34,409,424,47,15,253,199,317,14,708,63,125,577,2152,175
656,1272,959,849,1323,1630,662,880,1055,458,827,3648,2974,1194,1536,1342,1472,912,1120,2269,3679,763,1000,677,1241,1228,439,1023,1671,696,638,1325,587,1468,656,1731,1148,1264,822,3261,706,1660,1377,1905,2680,857,797,674,2235,335,2147,1850,551,1064,2873,351,2176,2567,1611,3486,459,1422,1250,377,1339,1774,613,517,1241,553,1884,2044,2798,829,3012,1491,655,1324,1318,699,1488,1421,1038,1305,2685,1062,858,707,1900,576,596,581,637,532,471,1741,836,1156,2084,940,1961,665,734,1883,3035,1749,597,720,815,1589,758,1785,2015,519,995,2504,2100,1391,850,1460,1840,699,866,362,1175,3213,1017,702,582,1687,2315,2024,3312,823,1055,1550,1469,1784,1681,490,1155,3132,484,620,844,3678,2400,2141,481,3049,385,1528,573,761,531,2559,759,497,2518,591,1204,365,3226,1628,813,448,1703,1136,1049,863,1269,1249,852,2237,447,2896
1938,22141,20063,13576,15239,2438,11686,8794,10093,2938,310,7844,3000,667,22127,5135,10265,244,4184,3834,3184,1053,884,906,1890,654,696,2998,1507,458,842,16894,379,944,1709,2577,2868,1353,250,157,1154,3366,5875,5449,4404,402,1222,1287,13878,784,1921,1343,965,506,2310,393,3462,2142,1927,3375,1583,3846,636,213,2403,2619,1522,3378,5372,866,9338,2106,8150,831,11176,966,655,20501,12247,187,11085,8922,1085,1000,3756,447,631,520,3912,706,881,5634,1127,488,403,2068,218,778,7393,875,5237,742,376,2755,4637,3753,1000,2367,1275,2875,229,737,1985,226,3197,5423,1434,348,3561,3044,26632,1718,360,2973,2320,2011,5585,1293,563,4001,4038,14591,6328,411,1020,3061,7928,9991,2023,1382,534,4483,630,1224,1101,2699,2884,2290,296,15935,1648,9330,1250,3812,1249,7030,1666,234,6078,258,1406,375,1376,1056,82,384,1950,5462,513,1497,1425,2202,3985,1815,1259,8277
11875,17370,11343,18184,15443,20762,17259,11184,18057,16911,2470,8560,9179,11472,10244,14568,10895,1941,12453,18499,11066,3983,10527,3636,14955,12312,1728,11065,16145,7132,3813,9287,1855,8329,4414,9520,13114,6670,5342,6721,3666,9901,11033,13983,12282,13085,3509,4045,12665,1761,17417,3012,3150,5132,14709,6539,11364,7751,9068,15212,6098,11841,8684,2079,9576,7645,1852,5495,14083,5693,12732,7388,13843,14300,7717,11861,2949,11085,8832,2419,12258,9755,5091,16372,8729,4006,3787,4268,27050,6635,4971,5099,4831,3666,1602,14161,5393,6792,7896,5987,11642,5134,3712,11893,12441,8588,5395,2310,3742,10846,3692,9083,10848,3403,9036,9804,12589,13274,4090,4179,8334,2667,4071,2056,10742,23701,11167,3911,4870,14517,7383,9876,7202,4660,3536,12412,9827,14886,9236,5617,7090,11937,3175,2647,4076,12166,16872,16254,5172,12033,4712,10379,4040,2531,4089,11916,3150,5596,15578,2819,3681,7798,15870,14047,2116,3327,10726,13547,3505,3067,10545,12655,8778,12786,10839,15630
224,3456,3677,1293,1335,206,3611,791,2005,612,1,69,53,22,216,31,231,0,66,114,21,18,0,10,10,19,0,31,323,0,5,337,0,28,5,14,9,20,0,1,4,3,158,26,16,10,6,0,255,0,23,5,0,1,8,1,14,9,6,22,9,5,0,0,4,10,5,41,55,4,112,152,34,0,271,3,1,452,110,0,600,1,7,6,32,1,7,8,49,4,7,41,2,3,0,9,2,6,142,2,9,4,0,4,21,44,5,3,5,13,1,9,34,0,12,8,4,64,11,20,150,0,0,4,3,12,22,2,4,159,172,335,32,0,4,12,8,43,10,25,4,19,5,10,6,42,15,10,0,360,18,145,7,2,5,48,3,7,95,1,1,6,26,4,5,3,15,45,0,3,9,9,64,11,181,107
611,540,479,771,670,1672,515,518,967,694,664,1470,1813,610,1619,1293,862,557,718,2427,1876,722,2172,450,1052,1237,241,1307,888,580,404,943,236,1433,249,1599,1321,1397,503,983,504,1424,1291,2394,2382,1097,524,485,1983,173,2070,786,428,495,2505,360,1405,2004,1485,1869,396,1136,942,281,1132,1416,312,391,1334,463,1412,1297,2826,1103,2211,1181,508,1062,1105,555,2639,804,462,1266,2339,705,422,1532,2119,516,459,404,434,657,208,1943,754,660,1690,652,1281,442,511,1039,1545,1508,404,553,665,1337,684,2547,1749,473,1265,1331,1500,932,574,721,1243,225,508,138,1410,1598,1342,460,520,1987,729,934,2364,615,574,1432,1357,1820,1100,535,1417,1914,504,481,411,1600,2471,2151,492,2025,486,1775,688,279,379,2346,440,505,1552,318,1084,348,1660,2069,460,668,1340,1518,700,454,1024,1130,1472,1790,410,2149
2560,1614,2644,1369,1735,2306,1232,1823,2585,1548,282,2273,855,1377,1337,1449,1703,335,1673,1618,1042,753,832,477,1244,1396,197,1913,1650,425,236,1714,246,516,336,1077,589,723,476,645,542,1347,2132,3069,783,2310,201,375,627,135,1478,274,263,1611,1380,426,1400,1015,1437,721,295,869,2295,323,946,824,315,217,1834,637,1760,2220,1704,1179,2643,1041,125,841,778,338,553,949,635,1306,585,420,593,316,5404,305,912,364,251,400,195,1684,863,769,998,555,1499,454,466,1096,954,839,467,265,188,2554,607,970,1033,213,1197,1508,915,1741,455,475,810,354,321,179,1687,2196,1596,231,249,953,1166,807,1002,534,306,961,1126,1324,1458,913,341,1080,458,289,405,3772,649,1542,278,726,403,1142,452,408,287,308,448,336,2250,397,669,342,982,940,270,427,1055,2846,204,344,1012,638,724,816,154,750
128,305,169,202,219,362,196,161,272,252,379,272,222,70,170,440,216,71,113,363,125,51,54,54,403,232,86,84,99,55,52,350,25,143,146,267,227,210,35,74,84,217,397,50,113,481,89,24,212,14,209,138,52,73,193,68,167,578,63,55,152,44,227,208,99,140,299,48,813,95,146,100,151,42,407,424,21,99,138,73,52,383,114,113,285,156,244,118,335,61,102,102,90,40,23,612,217,120,253,71,430,207,116,275,142,75,21,90,80,289,115,261,325,246,54,133,315,337,43,30,81,79,104,24,265,262,354,125,66,374,1899,131,244,31,72,183,187,180,110,72,131,134,62,74,241,244,336,173,82,293,86,179,95,128,182,332,156,119,82,55,81,95,142,96,37,66,231,379,56,51,190,196,528,179,168,202
1953,1815,970,1676,2334,3848,859,1500,1351,728,5614,5311,1890,6700,4836,4954,9773,10262,1634,21306,8215,3287,4455,3312,9775,6498,3143,2858,6423,1570,3453,7962,3606,8742,4791,9670,11700,2698,7310,3874,3658,4291,2109,3566,18856,9425,2787,2343,14273,1750,17717,3250,5618,3914,24892,2423,4463,11674,5811,6564,3184,7639,7711,2877,12681,7966,6287,3271,5440,1464,5500,2988,16066,19617,9103,5130,6882,8721,4030,4505,16392,11545,4446,5206,7390,7873,3518,6037,16341,7551,1247,1717,5073,5356,1165,23217,3291,1974,6565,5476,4497,2125,2740,2990,4501,13847,5811,8126,5566,3372,4477,7159,14569,5849,16942,6594,2746,5419,5193,2118,4964,5923,5142,4169,3458,9493,3980,4281,4269,19013,7808,6933,7759,1868,1102,6694,5698,22110,3019,3142,13091,13066,4052,6057,11467,4090,14956,12684,3454,2564,4379,3767,2588,5908,3273,7015,4670,3255,23380,1790,2728,801,19414,18296,6004,2334,17802,2947,3742,6077,21230,2563,9330,7692,951,6559
2246,9832,1802,4795,3687,6685,2735,3439,6503,1980,9247,12294,20512,6479,6539,9524,3592,13780,8142,19112,34387,8477,11094,11533,22622,9802,8185,13440,20122,5654,12145,5008,10209,13742,8002,8447,28054,4608,10098,6387,5180,7471,9709,9565,19594,13199,15802,7004,10932,5314,13901,27362,7428,3153,25831,3857,20023,19152,25250,14271,5531,8895,12834,2398,22312,6082,6237,3247,17980,8827,33223,16446,105131,10991,6246,10869,9768,8005,9733,10423,9535,11566,9898,12063,16880,18551,13864,754,36372,8276,4402,2670,8999,11427,6982,19512,14867,5068,8064,7704,13418,8694,4517,15573,11125,8810,4626,5476,12074,12899,1452,10663,13153,6600,18694,50502,11392,8718,8865,14288,2313,7879,3007,2831,20853,81493,11761,4683,10260,34011,2305,22141,17996,5935,4326,9575,16571,28036,22910,5557,12481,22468,7263,11379,12678,26066,21364,13194,11333,15195,7400,16024,8674,9067,9735,8818,17543,15445,22457,8686,8684,4307,15986,15174,8643,3349,19126,12939,8561,7624,13523,16142,8311,7420,1655,16310
225,318,212,303,281,470,259,173,216,303,383,1061,529,787,829,437,321,385,322,1172,1174,573,1221,302,1446,978,85,654,1143,267,240,410,180,899,387,867,1371,503,255,950,220,406,311,533,865,739,336,414,1127,236,1606,1448,144,172,1646,221,780,1769,674,1277,151,904,770,99,603,596,71,390,425,246,469,780,2455,1042,946,483,591,522,675,413,1333,480,446,801,1478,800,273,400,975,232,138,145,213,536,195,1917,166,490,660,342,938,234,167,985,629,949,370,315,397,516,258,399,1504,167,865,613,334,451,364,236,609,106,138,264,1014,1285,465,239,274,1580,532,813,477,350,495,1232,1177,697,748,352,543,1205,176,663,362,844,1365,1246,293,742,274,377,413,245,436,1790,218,433,1273,251,488,168,725,593,177,134,645,339,335,519,855,897,969,670,213,1073
1025,5278,723,2558,4013,1266,675,2487,2632,461,336,582,683,1097,5546,3244,523,320,2656,2358,804,463,747,354,691,480,335,1283,493,288,494,952,151,1652,217,1297,850,584,412,450,743,674,559,1285,751,1204,187,319,1420,425,796,666,489,147,1705,585,1903,932,489,933,459,1948,642,214,1103,2132,305,1111,1291,283,1356,1387,2678,573,499,699,270,1831,1809,176,2047,2343,435,524,1640,444,325,200,1740,485,271,675,343,306,161,1128,136,275,762,403,2272,263,373,1251,1084,564,529,315,460,1707,162,931,1245,256,1984,2148,478,306,673,232,3085,590,154,180,1648,2080,1283,710,322,1312,633,2294,1230,431,197,478,2646,2927,732,482,368,1387,332,402,557,367,791,2211,174,802,615,2703,184,398,355,1966,948,147,3095,218,233,250,1957,1386,296,272,2003,3215,248,363,961,875,231,1604,304,1282
77,601,168,371,395,479,139,340,376,155,3167,662,479,119,1935,2013,2356,653,472,711,501,146,822,533,457,7233,476,18,867,202,35,1248,41,982,234,18109,1211,3044,30,43,1787,2511,2729,2681,191,283,1616,239,575,8,492,672,283,17,1213,643,32,2880,804,795,1515,193,618,1555,38,1992,767,13,1909,457,832,41,2817,621,6451,1502,73,1344,2141,602,44,1071,553,1432,747,477,680,302,797,377,518,353,174,1120,452,1677,53,20,2128,84,438,166,1614,1956,100,82,25,364,491,489,110,3595,371,253,805,2754,1297,738,70,1706,39,60,561,367,2450,3528,391,856,208,5040,3134,525,1805,469,4341,471,1138,616,107,1408,11,277,33,906,1053,901,34,2146,96,3299,1569,612,876,29,458,382,192,99,105,252,389,128,425,374,36,1204,887,1714,884,620,232,680,3197,532,20,180
2269,3948,2613,3207,3102,3349,2137,2872,4093,1525,1038,5788,4609,3623,3868,3775,2992,1343,3837,7929,5630,2211,4231,1323,2461,2395,624,4428,3498,1491,1400,4409,597,3901,1646,3570,3877,4799,1333,2779,1652,5322,5096,4963,4437,4532,1614,1912,4234,350,4842,2352,1056,1793,5377,693,4888,4492,5552,4438,1273,3662,2839,649,2584,3602,683,910,3873,1254,4175,4095,9370,1661,5220,4840,1201,2766,3557,1136,4763,5090,1515,4635,4740,1452,1263,392,7379,1377,1287,1004,1251,1456,606,6112,2450,2361,2573,1807,4590,1066,1378,3227,4287,3340,1424,2009,1048,4391,2438,4174,4757,1556,2380,4556,5170,3689,2057,2195,3069,658,1669,575,3596,5461,3276,2221,1492,4910,2190,3048,7288,1529,1156,6493,2969,3840,5480,1755,2357,4609,1479,1524,1631,6904,4642,4713,1040,5275,1445,7356,1657,1819,895,4847,1445,891,4096,934,1717,711,5121,3687,957,1418,4619,4533,1193,1318,4374,4924,3103,2892,1343,3940
1183,3027,2189,2267,2400,1471,1593,1131,2143,562,336,2200,1333,1435,2414,1580,1077,194,1513,2903,1471,703,587,601,790,753,419,542,472,500,317,2455,804,1790,845,1510,685,1210,284,211,288,985,2004,1203,906,1003,380,421,2437,273,1728,397,471,202,2247,198,1113,1309,505,898,405,1439,1102,438,523,1409,404,780,1223,334,2733,1127,2186,713,2530,1198,291,1809,2789,137,1705,1369,268,1014,1517,184,278,204,3298,355,478,825,199,470,215,2161,148,496,759,458,1775,217,1003,499,1602,610,412,470,313,1870,444,912,2141,454,1218,1334,2129,582,489,475,6194,489,346,667,994,990,1868,405,404,731,2197,1732,1162,420,192,1652,1393,2666,1456,457,277,1436,356,689,572,1052,938,2804,170,1405,400,1946,673,672,329,1468,588,200,2356,265,392,179,1577,615,765,699,731,1704,467,402,720,1631,871,1332,541,1381
1917,5778,4207,4074,4820,3913,2763,2714,3954,1365,2121,9832,11915,3902,8262,6694,6469,2004,3723,11706,11139,1845,7088,1894,3203,4407,2106,7967,3296,1458,2013,8161,2215,4017,1557,7712,4444,3313,1736,7434,3763,4616,9856,11030,7768,3678,2207,1346,7504,1372,7052,2216,2202,2381,8715,1138,8846,6515,5534,5243,2605,7147,7644,1265,4000,4669,2239,1862,7553,2124,8040,4065,12544,3185,9381,5478,2226,7661,8223,2267,7165,7249,3104,2982,5917,2282,1691,3125,11357,3318,2722,2524,2381,5924,1386,7771,4229,2440,8582,3308,7510,2313,3565,6689,5278,4897,1706,3837,2514,4919,1285,4907,6358,2302,5601,8125,5386,5654,4026,4294,6947,2409,1669,1438,7954,8097,4472,2282,1413,7670,4082,5276,7635,2473,1271,4472,6952,7170,5976,1974,3127,7467,2487,2694,3277,8944,5712,8041,1599,8927,2624,11129,3377,3380,2057,5325,2308,2196,6860,2356,4898,838,6323,6742,1968,2534,6542,7957,3032,2124,5257,6898,11227,11375,1157,3935
547,2344,287,1569,3839,1991,1640,1938,4399,1076,3456,5479,17205,4686,9107,1706,4368,1371,3828,5469,14241,3149,3362,1954,5472,3568,2983,6233,2032,12379,4007,3218,6874,2534,3307,2841,12969,2664,4675,15620,1378,2111,4903,3758,22629,4902,4172,3947,953,4601,5126,4852,5050,3870,4945,5625,27453,2096,5631,1390,3333,6002,10165,2394,33881,2825,2080,5259,22374,12464,22725,3228,14616,12696,4305,3685,6079,1641,1852,6900,5358,787,3698,1567,6500,2353,10022,1612,25731,9518,3431,5402,7815,3951,14175,2507,1497,2108,2623,3225,5612,5929,4359,10109,10257,4388,1569,4985,2591,8741,16655,1888,1141,2271,7679,16850,8346,4395,8018,10479,10486,3902,743,5493,6167,6271,3290,14925,4507,19889,4035,7022,7479,2106,8032,4307,6839,11348,5365,5693,8474,5031,3834,7295,3593,5717,11945,6522,1630,1640,1886,3249,4196,3051,7964,2966,15314,10572,4695,4141,5836,4252,4248,12398,2772,4141,14366,6653,2841,4648,15368,4816,5919,2930,1802,801
1386,1870,1194,1077,1142,2183,1085,870,1614,1020,893,12683,4301,2803,6077,2030,1622,794,1586,3954,1797,1579,2664,423,805,1515,258,3901,1863,467,734,3415,54,1440,834,1692,4370,1447,246,808,911,2269,4824,1162,2339,3666,974,1381,4286,146,2665,1261,572,852,2980,476,1388,5347,2164,1845,1052,2624,3558,124,3305,1710,235,659,22910,673,1342,2591,5189,1103,6555,2003,557,1953,5556,504,2400,2671,591,2830,3487,816,528,180,3409,725,899,700,654,1141,138,2017,1227,1262,4545,991,781,639,723,1001,1558,2410,748,854,681,1941,563,1357,4654,393,1252,2509,3768,1919,1369,789,2875,273,758,249,5198,1789,2260,978,324,8076,1635,2912,5081,1003,550,2976,2787,2981,5392,1134,1842,2326,1100,835,722,3623,2459,2394,369,2349,1995,3266,1100,606,479,1823,621,507,3583,655,1063,291,1841,1590,823,753,2204,3164,564,778,2261,3625,1903,1574,2440,2346
2735,4766,2517,5518,4235,6337,2476,2678,3793,1917,3628,8516,11873,4016,5781,8267,5447,3544,3860,9898,11197,4012,8025,2934,7980,7482,1538,6908,8708,4794,4000,6074,3049,7903,4173,9718,9370,5851,4260,5553,2611,4792,8651,7630,11743,7139,4847,2354,8683,695,13633,4275,1884,2528,5137,2353,9526,11887,6672,6263,2381,8871,10193,2055,11381,7054,2032,2655,15373,7317,8086,6338,11893,6154,12605,6778,2901,5016,4973,2802,9266,5635,2685,7162,11345,6765,4256,5430,16739,3406,3435,2987,3856,3467,1602,11378,3402,3691,6619,4749,8426,2991,3367,6027,5167,7404,2894,3325,3975,5452,3105,6085,8522,3251,5096,7168,8086,7172,3211,3352,4897,1996,1776,1268,10550,9008,7407,3404,4004,9294,5276,7255,9975,4452,4917,11032,5839,11930,8014,4196,7994,9214,3014,2836,3471,9132,8318,11271,4066,7901,2923,6019,3475,4647,3474,11517,3600,3373,9744,1788,5027,2081,5867,9344,2865,2343,7335,7482,5136,3301,9013,7280,8688,6272,2255,9769
1023,1883,1322,1417,1271,1811,1421,1065,1906,1135,659,1936,2432,1233,2017,2195,1039,764,1311,3024,2529,1002,2153,1247,1960,1825,332,2119,2099,1265,912,1712,257,3184,1122,2767,2813,2207,991,1285,726,2236,2285,1909,2656,1714,1025,906,2825,254,3673,1505,559,515,2300,1042,1892,2740,2282,2763,849,2824,1535,229,2364,2094,293,834,4475,1713,2075,2107,4523,1866,2785,2163,781,1872,2230,646,2337,1646,921,2457,3781,1436,905,383,4735,986,937,988,1021,932,221,2364,817,1504,1638,1310,2097,903,736,1533,2405,2291,1000,698,1088,1938,624,1756,2373,604,1292,2313,3057,1259,851,875,1845,326,736,283,3447,2973,1926,1080,715,2604,1017,2196,2694,1153,1027,2508,1778,3845,2561,1004,1708,2590,772,910,878,2077,2653,3396,922,3061,696,2098,928,911,709,2917,721,946,2631,470,1075,750,2427,2179,529,659,1625,2343,973,909,1755,2124,2411,1784,1193,2709
514,402,483,416,398,474,283,301,365,268,1394,839,670,3572,1598,986,1534,348,627,1283,971,417,1242,391,820,921,127,1159,1185,132,266,719,160,748,280,1468,1241,320,421,641,208,1313,619,971,1154,904,261,1222,1917,384,1006,722,209,156,1720,565,1553,1646,793,1595,485,1053,786,138,828,1467,147,1669,247,472,1027,3637,1248,507,396,665,391,2041,1022,306,1575,1029,385,1907,1694,565,222,167,2234,654,413,623,226,256,135,1448,350,871,657,955,1109,562,256,461,2224,893,1682,464,795,855,506,825,1142,225,823,1063,1667,490,624,290,1951,355,1728,538,1648,2170,995,278,462,2306,368,1010,793,243,580,557,1686,1066,849,366,628,1376,197,372,400,423,630,1501,588,822,452,859,523,323,440,1340,278,541,2985,198,181,268,1014,628,924,312,623,1003,670,413,1724,1119,496,1485,2988,2020
870,1256,515,838,984,1767,443,982,1031,594,322,980,1428,301,813,677,802,318,647,1200,954,336,990,297,893,533,403,885,666,302,454,874,545,491,378,239,748,415,542,472,283,335,1059,348,1297,636,234,184,1059,254,1281,338,583,614,1411,230,1001,1098,896,1235,553,476,934,429,1085,466,449,220,1373,417,1190,459,1296,450,1945,881,427,503,634,359,1560,738,672,282,567,349,936,675,1080,478,422,314,484,486,309,760,568,174,380,400,869,469,773,718,607,784,208,468,232,701,194,684,1021,208,543,1100,649,1472,762,399,781,441,137,143,1197,1103,1086,325,484,1456,936,802,1274,487,196,631,898,2016,716,252,716,1216,423,275,369,856,2118,914,180,1709,288,681,384,461,302,562,320,282,1008,352,403,131,1348,848,177,205,1058,776,350,259,988,467,840,908,130,775
315,345,164,383,274,1037,217,146,511,538,32,329,429,86,144,132,182,149,264,52,354,51,209,198,229,497,190,262,31,363,134,125,169,103,128,56,119,227,50,435,408,116,314,129,185,249,79,48,36,86,211,22,110,87,140,144,308,85,456,235,142,109,371,388,67,322,138,43,322,260,368,368,159,94,472,231,87,14,53,46,306,64,310,347,155,60,138,330,344,82,200,144,104,87,277,87,67,82,374,166,151,112,190,225,50,81,215,129,42,171,3,130,92,73,125,193,786,298,166,272,158,129,116,139,107,206,157,149,104,201,675,204,463,90,147,67,87,151,149,82,113,85,175,149,108,821,287,136,87,243,58,155,215,155,132,324,153,214,56,179,143,66,345,438,139,85,191,124,223,23,150,69,36,288,3,51
2054,3188,1124,3499,3242,4929,1267,1264,2413,1148,2353,3501,2701,2496,2540,3065,6322,1474,2187,2715,5055,1563,3677,1938,3824,2522,1093,2100,2299,1352,1735,1605,3755,3846,1186,2270,2059,2753,1589,6810,1139,1628,1670,3702,4688,3516,1947,1252,3077,1681,6323,3396,943,798,4992,1612,4614,6502,3702,8133,1039,1982,2823,2426,3606,2616,1557,1416,3313,1874,4403,4382,3011,2934,4501,3997,2105,3899,2632,1919,5146,1953,2230,1587,5692,3642,2857,3708,5805,2004,2219,719,1681,2107,2701,3555,1391,1148,4075,2512,2080,1949,2143,2610,2287,3901,1563,1277,2022,1527,1576,2569,4421,1480,2774,3106,2351,4112,1950,1785,3299,2720,752,959,2394,6612,2863,1229,2612,3938,2890,3384,2530,1309,1125,1869,2394,3179,2473,1505,2418,3357,926,1074,2013,2467,6004,3136,1366,3687,951,1713,1727,1745,2189,5572,2503,1762,4366,964,2094,960,4374,4007,1672,1172,4645,2253,1874,1015,4277,1523,4429,2937,463,4405
3226,4201,2959,4020,4037,4720,3742,3391,3964,2583,367,1783,2483,2774,2918,2655,2319,463,3112,3194,1862,784,2303,547,2568,2068,149,1906,2022,778,520,2148,89,1777,756,2549,2651,1698,769,1168,668,1191,2348,2022,2588,2840,756,789,2348,130,2740,1053,605,335,2547,719,2707,2731,2040,1872,840,2371,1649,120,1406,1567,163,897,1849,931,2431,2759,2735,2078,2202,2063,583,2464,2937,492,3269,2745,730,1680,2359,871,665,305,6684,871,665,664,601,544,99,2539,922,618,2772,651,2769,610,537,1814,2358,1679,691,561,625,2377,697,2376,2067,619,1525,1976,2571,2219,683,996,2486,269,488,133,2161,2149,2492,818,615,2816,1030,2458,1933,884,496,1950,2871,2930,1722,941,938,2351,460,593,706,1612,3309,2704,547,2246,675,3042,810,640,255,2111,666,462,2836,550,565,395,3102,2727,375,601,2815,2856,630,660,1757,2361,2149,2356,1580,1957
6596,13066,6434,12508,11428,13890,5940,6975,8637,2486,4512,15921,11472,8022,9350,9792,8964,3225,7159,21105,15043,6913,12451,3275,5365,8695,2218,9904,22021,3337,3411,8416,4103,9085,5273,10906,10962,8017,4722,11015,2758,8423,8746,13762,14739,10781,3438,3781,13775,964,23277,4964,2588,2904,17236,2423,18535,12139,10102,22032,4871,9335,12918,2845,8800,10669,4222,3141,10748,3250,12857,8998,17178,9994,10248,9676,3064,8036,7982,4408,18213,6073,3888,5953,12438,7401,4533,3073,23241,6964,3374,3780,3173,4425,3557,20198,4958,7155,10219,7259,12163,4093,3838,16833,11870,11421,3111,2907,4617,9602,6726,9279,15295,3923,9661,13109,11540,19046,4638,5267,9129,3622,2486,2165,11656,15918,7941,4373,4003,12825,7965,8985,8017,5262,3464,9634,9634,13257,10892,3946,11109,12885,1992,4653,4129,8337,21550,17280,3762,15153,4373,7437,4280,4776,4135,15989,5135,3260,15629,2086,5362,1256,13135,11845,4058,4117,9341,9254,6997,4064,13955,10162,8084,12302,3091,17754
742,1591,1665,1146,1316,931,1591,1109,1509,1013,222,1519,1450,648,2051,1111,918,382,1196,1674,1308,633,826,318,995,696,220,920,904,266,336,1541,162,795,393,1469,1082,932,347,782,310,1323,1139,1352,1262,1017,393,241,2239,194,884,678,338,250,1383,348,1131,1070,1222,1570,452,1481,898,176,658,1477,370,450,1537,419,977,1298,1757,904,1222,877,262,1175,1510,255,1518,1323,286,928,984,540,338,121,1972,519,381,613,384,418,111,1307,592,549,1448,497,1227,367,348,783,1204,1188,198,474,389,1055,410,1215,1381,380,732,1270,1327,1377,534,555,1214,282,394,220,858,1287,1196,356,373,956,1370,1275,1377,592,259,773,1563,1887,1390,395,361,1049,231,427,267,791,751,1454,253,1926,390,1507,522,379,251,1619,340,177,1397,310,633,176,982,627,180,422,674,1296,266,403,777,1054,1463,1109,343,1294
1456,1130,418,703,763,1733,393,1206,971,610,1042,4962,6473,680,1233,1747,1279,931,1588,2001,5732,963,3560,546,1030,984,1776,2309,495,761,1450,1928,1618,1569,872,1370,1020,1607,611,1889,2002,2017,2094,1202,1631,1885,755,685,1722,752,1301,1005,1701,1208,3164,393,2815,1274,3606,1631,1187,947,2371,1140,1188,1463,1213,295,2324,1289,1042,1303,4846,709,2279,1428,596,916,1376,896,1541,2158,2708,1030,1733,1162,632,97,2203,917,699,434,568,1346,1311,1870,1743,930,1321,1538,1902,1280,1354,1204,1512,1808,337,1609,1297,1603,395,2719,1654,929,1517,5265,1207,1652,1467,2457,422,788,840,493,2404,3578,820,1182,606,2256,1963,1610,6241,1416,569,1094,1199,2331,2190,1307,1290,1612,664,928,669,3343,1600,1969,348,5146,773,3058,1235,725,575,1522,721,511,1465,1110,3057,313,2314,1415,452,509,988,2992,808,951,2156,2165,1592,3994,293,1501
511,523,471,260,658,575,260,476,625,223,540,1079,331,1184,628,644,906,1221,578,949,628,490,16,346,183,1464,49,1122,581,146,258,931,1119,1010,303,1134,82,312,420,1161,999,2135,159,768,1544,921,1027,80,241,188,912,1184,197,350,591,266,2277,589,1535,631,225,737,311,354,577,1686,124,117,949,25,1371,1819,1184,174,1315,2115,414,591,271,248,1227,126,307,1214,994,1761,312,500,1152,810,784,216,750,337,712,596,226,1594,753,677,108,440,860,1176,23,808,660,379,393,843,180,1457,749,961,1008,193,1282,1083,559,488,386,492,837,466,527,1540,578,874,644,749,1777,500,1770,1021,567,308,142,1288,273,349,17,2046,462,293,550,446,1339,1642,451,255,468,1259,98,119,392,1006,707,701,300,553,353,210,963,466,5,481,402,738,975,236,1298,1014,673,178,300,441
96,465,776,332,446,156,397,316,472,162,194,693,350,388,686,204,337,42,148,1808,397,151,157,98,53,149,66,121,969,22,96,326,41,147,56,646,267,72,19,638,69,463,99,156,53,120,40,228,1053,89,154,372,72,94,330,34,342,376,174,678,107,245,369,42,251,103,130,147,224,46,302,73,367,74,133,448,76,322,854,38,342,528,115,67,311,153,80,27,487,122,43,108,34,54,37,700,115,181,150,155,383,164,48,453,1327,284,30,47,83,278,89,278,722,83,233,245,192,143,102,120,327,58,15,152,551,219,260,48,29,177,280,362,108,98,39,162,307,246,254,35,291,327,16,144,333,66,132,201,78,373,222,215,193,214,265,817,250,133,404,41,44,24,129,78,5,28,115,223,97,101,305,179,697,367,181,779
26197,31808,16906,42493,31895,46182,20300,19564,27891,17486,3955,12276,16429,15713,25835,24988,13821,4331,24949,36489,18081,6720,18069,7004,18546,18997,2306,18660,15621,14039,7108,25954,3948,19402,9226,15082,16902,13572,8171,8627,5728,14607,16636,21898,29107,20249,5678,7173,19382,2919,21521,9635,3688,3997,27595,9137,18476,17588,8654,22079,6882,26607,13324,3793,13517,17320,4183,11597,10382,7971,27471,17577,20678,22507,20765,15310,5178,26246,17563,4920,21167,15652,4887,31591,25968,7452,7970,5027,34855,11755,8620,11025,8739,8211,2748,15836,3697,8392,17087,11699,14780,6563,7816,19356,18786,9941,8002,8906,6141,23070,6846,25440,22559,5839,11901,12278,31458,13993,6523,5589,28829,5931,8079,4019,13765,21526,22373,8348,7711,29810,14660,17513,16838,5834,11470,15002,22392,29673,12732,9389,12946,21037,6284,7354,10018,14630,27655,41452,7561,14221,6991,26151,9691,7053,5566,46623,6118,5672,21114,5651,6502,10190,28710,26126,4915,7326,18829,19798,7743,6303,18951,17511,22943,23941,11923,22203
393,489,218,178,189,237,151,538,386,161,1931,11801,4016,518,1321,1169,3309,655,1614,927,3177,640,1190,351,985,928,1159,2201,399,749,937,767,1603,914,549,3298,839,2541,976,3186,1301,4828,1430,4421,1242,1777,678,1394,2166,869,804,911,1695,501,3574,231,4836,1698,4854,1204,2144,700,2361,416,636,1229,284,511,409,775,441,975,2006,510,2352,973,2043,1024,3806,365,1820,1301,3518,1178,828,769,298,52,3292,477,596,253,586,753,396,960,1436,1328,366,3109,1393,1090,802,668,189,836,1467,677,2712,1263,14,2614,1834,1004,4267,8279,896,1355,908,2290,1597,931,421,597,3488,5992,546,5116,436,2279,4739,1259,3708,1278,494,306,3350,1820,2004,1335,857,2191,401,926,303,2011,2501,2842,300,2501,982,4437,354,535,256,839,1718,2223,617,877,1562,990,1503,2046,690,170,1422,4879,655,1546,2006,3517,848,3079,428,1095
12505,17529,13029,16386,15476,22385,10573,17158,15334,8350,2463,9286,10332,8690,13735,10731,9484,2210,14177,18859,9868,3763,6450,2365,7029,7222,562,10738,14735,2753,2244,11096,336,12978,3218,11104,9184,8203,3452,4558,2439,11875,8562,11840,17022,11426,2667,3140,12280,292,10669,7434,1490,3880,8900,1530,7616,8034,9614,15369,2726,14239,5057,538,10025,7252,982,2369,12074,2761,10794,8573,18575,7353,13518,12102,1313,9266,12916,2331,11062,12243,3048,7948,8829,5164,2616,2193,27648,4316,1956,2903,2479,1974,233,10793,3336,4473,13161,3954,13692,2566,3308,9788,10869,7171,2606,2424,3593,10408,2243,14505,11975,2238,7598,9925,8181,8395,2041,2550,10079,801,2618,460,9969,11416,9554,3654,2583,9179,5748,10033,14666,2714,2612,9630,10696,12973,8588,3311,11543,13137,2453,2261,2199,13532,8981,12241,1506,30961,3399,11105,2178,2340,1535,13108,2814,1288,19108,2159,3106,1104,12611,10093,1800,3701,12301,11784,3553,2777,8568,6927,8689,13634,2281,19185
141,439,335,528,834,201,401,1133,875,582,7,41,93,172,342,331,273,47,779,123,135,56,61,63,117,32,69,96,61,59,74,280,13,141,38,57,89,103,54,21,26,91,93,198,94,58,23,43,489,37,59,130,90,42,140,96,94,89,56,192,57,135,19,25,28,217,70,199,77,36,96,568,354,59,63,123,32,353,492,8,120,192,77,99,163,69,26,17,124,53,73,195,28,38,13,72,24,90,207,16,469,86,26,60,239,171,85,41,52,311,17,68,219,18,92,229,19,25,111,12,362,82,63,61,35,458,231,37,41,173,30,788,162,113,69,51,324,419,64,82,31,228,77,85,55,150,132,108,47,319,65,413,39,66,29,165,63,22,471,22,20,53,277,41,5,14,187,273,13,41,105,52,89,107,105,640
1182,2489,958,3067,2096,3160,1183,972,1789,1022,2021,2369,3213,1583,1975,2621,1628,1762,1781,5061,5246,989,3339,1751,2010,2977,1270,1721,2254,1561,1464,1702,2045,2343,1353,2521,1982,1492,1258,1687,1222,1794,2380,2556,3740,1602,1556,924,2314,1024,5577,1871,947,622,5296,1148,2921,2906,1845,3951,893,1552,1784,1152,1787,2272,1326,1027,2571,1034,2859,1119,6057,1980,2923,2393,2247,2007,1469,2162,2919,1501,1499,1467,4341,1913,1595,4394,3825,1463,1509,958,1427,2320,1907,3228,1210,1100,2731,1878,1461,1293,1420,2577,2605,1820,911,800,1306,2487,1443,1889,4412,1176,1818,2845,2742,1964,1308,1931,2414,2053,890,990,1919,3569,2151,1038,1208,3027,1131,1887,2055,1228,1922,1285,2248,2486,2441,1559,2509,3558,1266,1158,1446,1608,3244,3734,1255,2142,1034,2202,1985,2124,1294,2757,1205,1058,3049,888,2084,904,4721,3784,1446,1197,2498,1546,1589,970,1718,1897,3024,3352,995,4497
1031,5714,8459,2827,3538,968,5678,2534,5905,2008,13,70,101,6,2223,70,146,3,594,599,136,27,42,7,80,9,1,22,24,4,14,624,3,4,300,19,190,10,27,2,7,10,229,369,69,5,16,3,1263,3,31,18,3,13,6,2,397,5,6,8,34,27,51,10,14,206,17,3,844,69,295,327,156,136,92,3,15,478,213,2,608,130,35,3,52,5,54,3,68,20,43,90,33,2,0,20,2,2,317,3,162,24,2,2,4,83,5,49,23,19,2,26,14,4,197,39,19,1,40,98,1067,15,5,26,137,157,15,18,4,289,39,2700,285,3,0,33,289,833,65,183,2,9,8,57,20,82,54,6,15,741,206,681,7,32,4,40,18,2,183,4,32,17,3,4,0,5,30,322,0,2,8,61,38,114,35,55
690,1861,1226,1376,1298,1019,924,1041,984,255,71,193,962,150,1058,353,1155,254,1094,954,767,84,476,107,156,256,114,925,715,139,317,1101,30,338,234,413,333,638,171,189,278,1092,651,855,841,784,160,198,1097,42,518,711,332,70,626,63,536,469,428,243,301,1792,315,98,723,278,159,107,865,226,299,301,964,886,685,681,136,733,1037,132,923,510,204,392,461,160,55,44,729,265,106,129,106,195,114,751,517,742,519,179,982,39,82,914,1436,567,186,112,117,520,359,695,307,96,487,1235,620,543,223,262,862,62,263,39,816,374,952,187,24,771,125,1382,608,118,43,35,703,614,544,231,220,818,357,262,314,795,399,633,106,1632,220,608,102,206,52,206,362,55,367,81,448,35,828,864,12,239,1203,775,45,265,347,264,623,370,34,1179
3148,4649,1846,4850,3854,6678,2360,1957,4207,2574,4829,8299,5929,3840,4629,5904,7084,4169,3124,11404,10478,6248,6609,4605,14206,8610,3781,3866,6553,3301,4452,5135,5872,4985,6538,6935,7347,5771,3027,6209,3374,4387,6121,6099,9705,5033,5321,2071,7663,4150,10825,4306,2906,2936,19159,3068,7742,14338,10092,15167,3272,9109,8155,7334,9024,6258,4149,3743,5572,3788,9128,4701,13079,6132,9383,7974,3804,5312,3504,4148,9470,6451,6137,6687,10270,7183,4468,21015,9405,3858,4360,2660,3728,7427,5497,13306,3854,2499,11128,4836,8369,5278,3965,9968,5487,7801,2868,3572,4021,7230,2192,7002,9508,2431,5577,6470,5606,6417,5422,4836,5705,6493,2563,4250,6336,9345,6971,2582,3350,16466,3639,7085,6987,2660,5318,7468,5977,5253,7000,2387,6384,7491,3458,6153,4432,10699,10973,7036,3257,6700,2947,3269,5864,5661,4533,6228,3459,9509,7316,3987,5438,2169,7485,5398,4827,2840,6483,5027,3523,2831,6917,6338,3697,6634,1854,9025
3258,6714,4525,3493,3314,5092,1957,4443,4065,1131,831,2623,3342,2675,2559,1762,2002,446,3779,3958,2634,1098,1178,502,1136,2124,241,3494,3069,533,520,2335,249,2290,595,2119,1337,2092,717,1247,1094,3277,3161,2709,3252,3698,349,1440,2510,79,1808,1018,1083,1441,2644,370,3491,2148,3786,3457,1453,2211,1798,235,1688,1687,205,404,3859,666,3982,3105,4547,935,2935,3434,569,2622,3127,808,2565,2740,796,1877,2554,844,1081,111,7798,798,715,730,424,564,203,2810,1306,1605,1136,1848,2094,674,1037,1664,3393,1903,869,682,550,3490,1279,2056,2788,1170,2083,4098,4521,2764,781,1229,2611,396,515,136,2942,3732,3093,966,660,2042,1930,1671,2768,903,419,1474,2878,4990,2433,903,1920,2207,619,281,488,3071,5031,3491,386,5480,899,3883,277,402,334,1858,1075,274,5734,698,942,263,4166,2124,535,847,1745,2849,1074,574,1859,2917,1659,2613,536,3795
1884,2328,979,506,1625,2127,2898,1413,4545,343,2,12,13,53,258,826,5,24,1796,13,20,327,20,45,212,552,0,5,6,66,12,5,37,217,340,8,192,1444,22,26,20,448,6,716,4552,1377,12,756,23,12,616,52,8,61,182,80,9,24,12,3098,476,1,5,14,6,9,186,3,14,26,6657,142,112,9,22,73,1,3,8,0,12,347,57,3001,339,1465,30,6,942,58,185,546,10,171,7,7,26,22,5,1786,6,175,31,3,20,17,1259,116,1,1024,3,2776,901,9,45,5,145,7,9,9,437,299,40,0,11,1009,838,161,47,112,16,45,37,4,52,2,620,120,171,532,5,881,448,666,16,1319,372,26,13,8,180,6,7,1,9,63,304,30,1184,484,96,53,1056,746,14,25,280,358,774,16,592,7,14,160,2,13
4490,7931,4502,8356,7921,9001,8541,4437,8203,10948,2767,10868,14093,4149,7887,11291,4618,3370,5158,12767,10742,4817,14179,4669,15349,6485,2517,7311,6290,7925,2175,9242,2745,7913,7261,9434,13020,7521,5164,9244,3322,6422,9324,8713,9595,7289,3854,2772,11272,4420,11527,3700,2343,1646,15985,6600,12018,10979,6901,15016,3862,8131,8699,2660,7765,10069,4413,3619,7632,6453,9237,6263,10286,12655,11567,7915,3477,5677,7567,3350,11626,8206,2606,9521,8706,5218,4262,19799,12790,5886,5926,3645,4008,3558,2023,13640,3621,2228,5561,5823,12926,6036,5465,9446,5770,10966,4098,4501,3379,6951,3230,11560,10716,4097,5377,6719,8232,9822,4089,3997,6963,3574,5059,4546,6196,11962,9020,3054,4884,8981,9676,5873,9045,3863,4139,9285,6115,12384,8155,4493,4917,9086,3207,5341,2249,9553,12300,13447,6769,8724,3050,7034,8341,8045,3713,8895,3467,5046,8588,2898,4810,5578,8373,8764,3142,3184,5293,9399,4014,3130,6540,8648,8835,9318,5214,10176
147,326,124,343,273,516,233,172,372,356,163,320,379,36,151,292,227,90,153,96,177,54,373,143,273,162,171,120,63,192,272,201,119,75,142,150,258,98,91,119,157,168,233,88,386,187,78,37,152,130,120,162,144,89,226,304,218,220,199,70,180,81,184,306,112,143,351,146,201,124,237,248,149,345,127,233,54,155,115,123,184,206,253,205,220,117,217,289,332,215,160,131,214,109,148,187,86,190,184,167,345,237,143,151,152,170,118,124,141,151,51,150,163,115,221,234,187,365,182,89,195,205,278,148,176,373,189,86,139,385,468,237,242,102,141,229,146,203,124,211,154,135,155,72,57,329,288,153,110,204,164,122,214,87,155,202,149,178,156,127,216,231,192,118,150,63,190,139,121,149,161,125,103,252,92,112
515,588,162,676,617,1292,161,305,372,213,1549,3103,976,1130,1342,639,728,1292,516,1766,5696,1019,2097,656,876,1035,1255,460,369,770,683,1076,2075,1509,628,935,1218,1374,822,2660,1204,811,464,1622,2565,750,960,508,2269,1312,1892,1271,982,718,2579,523,2834,1898,1726,1638,435,713,1193,1735,995,2390,1305,465,588,479,1510,1146,1501,1143,1976,1080,973,419,644,2126,2127,405,1583,556,2359,1357,1387,2144,1279,562,599,363,699,1343,2018,1596,431,664,1181,1294,1154,919,1865,1523,1639,2192,842,615,1366,1023,642,1781,2605,699,1472,1871,768,2580,813,1251,850,1419,544,954,1048,3100,542,924,624,2150,1484,739,1282,1532,967,1249,856,1112,1096,584,775,1776,1003,861,614,932,2058,2788,441,1239,480,796,907,641,932,1462,695,616,1819,772,2002,249,2488,1426,1214,638,901,901,1094,413,1201,966,1192,1822,211,2756
103,255,327,222,455,167,245,371,555,164,14,35,159,173,390,355,234,62,631,168,229,64,87,47,103,9,132,151,133,46,82,408,17,199,34,68,121,104,72,58,53,101,192,189,131,108,19,123,491,30,121,195,94,48,306,74,186,235,107,568,54,205,96,34,53,295,171,199,39,50,227,441,559,126,61,245,66,835,1246,5,225,398,102,87,221,73,53,20,146,95,73,233,27,53,22,171,41,100,419,52,1175,130,42,105,658,264,159,52,64,420,6,254,372,40,116,193,34,61,120,30,251,102,49,46,50,686,488,49,73,184,18,968,280,148,94,55,536,829,122,101,66,510,60,87,44,379,178,194,66,452,73,828,65,112,51,196,61,30,822,46,37,41,425,61,22,31,249,348,52,94,98,131,86,276,60,968
638,1612,1218,1104,1417,1335,1749,733,1659,1529,242,1785,1040,400,1131,1005,1487,225,669,838,1213,527,1150,499,1398,1040,156,532,650,293,427,765,145,346,714,1061,1156,500,608,1290,342,640,796,722,2721,922,302,301,1090,123,999,414,311,501,1692,476,1657,829,1061,2270,381,683,864,171,1229,577,225,450,1041,439,1238,1069,1377,1303,1039,1141,341,1010,718,246,967,829,261,1489,1022,489,432,569,1951,672,415,590,737,357,126,1433,273,281,1315,474,760,514,226,1014,649,1277,461,526,614,817,339,901,944,435,763,1028,900,1741,303,344,1058,288,603,224,769,2255,798,211,376,1347,2048,1022,1098,314,277,742,748,1081,908,526,896,717,276,481,291,2147,1232,1334,569,1753,451,920,574,480,369,916,314,735,1020,294,341,486,925,1159,229,265,1322,1230,547,244,1055,835,1186,839,607,1335
6287,7197,2824,7997,7144,13233,4470,3755,7244,7050,12798,21674,11571,6136,6911,10295,19846,6099,5619,16914,14100,4503,14365,5957,10346,10999,8038,7647,9914,9141,7393,6192,17107,7606,6445,8378,9774,4276,6054,18116,4586,5045,10427,6103,12155,12973,6467,4122,9921,9888,15543,11659,5546,7631,17117,7571,13170,15375,8784,18190,5580,6611,16372,9571,12878,8335,6002,6089,3941,6956,13027,5114,10505,14580,8538,10130,8026,5517,5333,9701,8653,8499,10281,9550,16852,11956,8877,6319,16473,5369,4424,3565,6155,7765,11784,16398,7389,4038,12130,8360,12159,12101,4663,14293,8387,6801,7122,5582,7206,8272,4324,6834,12548,6067,6449,10988,10834,17321,6354,8283,7557,10332,2876,10219,6318,17416,7712,4530,7497,19660,6980,8613,11995,6125,8167,6658,7120,4207,6409,5766,13406,13056,6423,9054,8691,16786,9986,11270,8346,12632,5230,8730,10515,8117,6096,13327,10633,9635,9669,8422,10818,6567,14297,9347,4059,3096,12074,8218,4461,4605,8955,10078,4314,7932,5937,12681
19884,24877,17008,26026,27646,34868,32528,22433,44266,52306,2006,14580,15925,12617,16523,22460,13412,2337,25828,17027,9810,3787,15330,5731,19107,11442,2003,14143,8738,8038,5154,12651,1501,6798,7267,9121,9628,8862,3928,2737,4686,15278,22187,12526,14456,22417,4128,4729,8271,2704,15711,3066,4036,5110,14982,7608,10972,13588,11732,11487,8572,17553,9308,2661,8553,7769,3796,7242,13021,9170,17015,21800,14500,16531,21880,25188,4437,13125,19426,2969,23385,16052,4032,28584,11786,3271,4195,3717,39893,6361,7246,7357,5375,4881,2205,10122,4138,6874,9157,6437,9921,5439,3931,14248,12685,12246,4799,4541,2038,20834,3475,22473,13300,5239,7983,7898,32575,11215,4620,3767,16033,3750,11829,2334,12938,15691,20503,3960,5334,27113,22113,13889,14170,4149,4835,14056,13047,21716,10889,9718,4989,9902,4900,4070,5320,21437,20867,23656,5177,18326,6314,20691,7952,4459,4049,24962,4425,6633,12784,5120,3768,12190,20002,17005,4604,4912,19506,20488,6079,3935,13921,14598,21062,13819,12915,8901
3429,6912,3809,7572,4291,6902,2968,2399,5933,1348,6481,13153,12651,13452,19876,12729,41502,5233,7553,20042,13790,4259,8762,3883,5835,8417,2393,13457,9285,2969,4157,17447,10543,11614,4401,15009,10330,3750,7326,8228,3964,5209,19199,9866,18939,9238,7777,3673,18868,2545,12481,15961,2611,2893,13294,4004,19019,12766,7924,18676,3020,17715,10061,2185,17285,6289,3501,2889,22388,5399,13933,9220,19963,4035,31140,7646,3707,14971,18549,4344,15989,16518,4434,3037,13886,6456,6486,2934,19625,6023,3147,3756,6245,4549,4855,13490,7487,3815,12194,7117,10683,2214,4134,11035,48150,4783,3107,5788,4659,4959,13070,6502,16298,3498,7675,15123,9182,7757,7409,8125,16349,5978,611,1461,17283,9720,11214,3824,4802,13012,4012,7622,15506,3855,1720,8966,9670,12293,13357,3652,8126,18920,5775,3839,4908,11142,10719,13757,4269,13955,4895,23274,2537,3007,2894,5111,4780,1395,16557,3336,4910,2461,18860,13748,4832,3726,10826,15069,4493,2430,4751,12256,11032,8874,5258,23179
1262,1621,933,1313,1172,1554,1180,864,1163,1193,2015,6074,3374,1337,1840,2359,3865,462,2074,2752,2390,2415,2721,1096,5070,2024,596,2852,2087,2808,1275,1197,1785,3870,1477,1966,2904,3295,3498,1254,451,880,3419,2123,4898,3889,1270,746,4565,744,7078,1084,328,1167,8959,1722,2298,4996,4088,2428,467,3628,1987,2403,1944,1682,271,991,2787,1788,3157,1663,2947,3635,4957,2714,985,2508,2314,2947,1782,2007,1544,1661,3203,1695,582,1441,4480,718,1073,741,541,954,878,4347,819,1348,3101,742,11264,2085,916,2395,3438,3705,905,1066,1808,1858,2534,1439,2651,1319,3002,2666,1567,2665,1096,1111,1409,946,1249,1097,3784,5132,1420,1198,830,3595,1109,3049,2814,1863,844,11912,2325,1480,3070,2317,3029,2627,1531,3341,988,4257,3005,5319,2598,2651,819,1633,1268,2159,888,3214,849,2366,2823,597,1301,2746,4613,3574,1715,613,2240,5226,896,848,1184,7930,2257,1847,469,4486
11,0,0,8,22,3,7,67,119,15,155,1,10,4731,25,7963,1142,5238,156,81336,61,37,72,670,206,448,59,2,7,226,285,603,19,126946,4,103,1804,5427,144,46647,103,1425,8,5,14191,11441,114,3098,2,501,33518,39,5399,786,2722,77,1847,155,70,2584,151,34,4998,4524,12357,218236,24651,93087,8,184,16,17011,150,49998,58,1221,594,2172,8,754,110,5433,18,120,1850,116,70,201,6608,36621,2594,327,409,333,139,404,19,38862,84,774,967,1633,101,1,19172,192,171,557,16,5626,10626,11681,73699,22261,1310,5,18114,22,6,0,31084,259,2199,23929,0,1885,831,563,10,34,467,268,2501,3695,45,43314,829,66,20,16350,48860,10122,74,419,62,3590,149,1388,119,344,993,25,34,21860,36273,307,92,56710,14733,13,62,2008,389,768,154,42,360,96,1283,764,31700,1112,128248,5762,326,767
1606,1551,2140,1503,2719,5885,1456,2173,3094,1417,1349,6252,16199,3274,14032,7942,10654,3447,3333,11532,18612,3879,6050,3416,4530,6804,1470,8594,4453,2111,3091,12863,1248,6211,4325,18874,11748,6748,2408,6736,3198,6659,14902,18799,17094,6194,3684,1396,12658,804,7509,4787,1712,2140,7452,2296,13297,10302,11194,17578,1679,9911,10889,659,6644,7408,2890,1304,20975,5443,8057,9141,28270,5257,14851,7183,2468,7804,19275,2313,13502,9471,1141,4704,8689,2994,4146,13144,27124,6497,2311,4714,4555,4354,1695,8509,4023,3567,17773,1549,5868,2110,3332,5166,12799,6210,1805,5342,3461,5266,4117,5889,9753,3165,7630,9447,10630,8244,5104,3904,10305,2356,1569,1251,8098,12680,6028,2997,3106,9421,3209,5818,9826,4928,1438,10847,13452,18319,10680,2552,3724,5750,3078,2387,4097,5921,11408,9919,2157,12600,2524,10606,5776,2242,2638,8879,2125,3097,7710,2015,4181,1732,6848,7867,1412,6192,4004,8257,4861,2827,5272,9308,31104,12427,2022,11544
258,2542,2867,1282,1737,246,1699,1317,950,306,11,487,84,77,186,50,262,39,119,173,117,18,7,11,31,35,12,54,41,13,15,411,7,21,11,21,23,100,17,21,20,276,310,86,154,61,16,16,304,9,19,165,12,24,54,16,55,82,20,172,23,26,16,23,23,44,39,19,49,22,252,148,178,42,893,61,18,384,142,12,495,135,30,212,50,38,31,35,82,22,16,56,45,14,15,36,66,64,204,19,24,21,41,38,34,145,40,29,19,64,44,76,78,11,28,65,113,101,28,190,322,34,49,38,23,103,113,17,13,161,391,270,139,10,9,34,60,120,29,138,39,39,30,19,26,131,166,37,3,251,32,158,19,18,8,353,28,14,83,23,17,9,78,43,57,16,54,80,25,24,42,57,70,28,17,153
1550,2859,2455,4058,2290,2837,1408,1207,2555,830,490,191,275,1025,673,512,594,27,1305,281,372,198,285,441,238,1036,52,132,214,479,67,672,351,940,429,1457,172,716,69,82,355,269,768,956,1316,788,158,311,405,38,674,144,161,160,931,319,146,1272,646,895,294,561,185,556,82,234,228,29,641,264,1234,703,865,64,995,1124,110,263,342,448,535,740,159,239,2327,469,766,96,2198,332,531,135,148,422,463,2026,50,155,256,346,81,141,935,521,362,421,126,252,139,1027,821,878,1026,219,537,613,1244,312,292,375,351,714,157,165,746,1034,1191,603,279,1358,708,201,528,345,363,363,709,113,711,236,294,427,310,400,692,325,594,3138,199,702,261,1054,266,15,254,348,94,145,545,330,163,153,1748,390,73,382,667,1057,321,122,705,319,404,1096,107,728
1124,1502,1175,1340,1473,1864,982,1223,1544,964,779,2557,3121,1786,1933,1978,2573,1442,1544,2851,2561,1392,2958,719,2421,1644,550,2131,3223,806,639,2656,686,2092,1095,3226,2821,2634,733,1786,1072,3401,1384,4660,3003,1887,1483,784,3297,334,1950,2374,635,1246,3914,546,2826,4339,3399,3018,766,2552,1696,350,1186,3172,636,774,3294,704,2054,3048,3167,1277,4519,1751,937,2489,3653,562,3115,1782,1107,2309,4331,2035,889,1024,3192,734,720,943,601,1031,372,2952,1015,2018,3155,1645,2649,1205,870,1762,1782,4559,1062,830,1009,3257,663,2748,2163,1120,2292,2357,2153,2269,869,867,2053,363,923,564,2509,3309,2561,1564,1179,2984,2076,2040,3853,1594,708,1078,1534,2999,2153,1019,2145,3530,471,1042,830,2480,2498,3517,1317,2898,953,2314,996,1803,826,4641,1105,1113,2226,628,1302,495,4111,2742,759,974,3216,2218,1472,916,2510,2012,2540,2926,1108,2850
444,709,401,794,512,901,290,460,535,265,865,1369,995,1392,1611,2006,536,734,966,1889,1536,734,1906,436,901,1081,196,1314,692,477,329,916,463,3510,820,1153,833,1349,537,1301,479,593,986,1365,1685,898,427,326,1239,209,1912,830,438,367,2525,299,1747,1738,1327,1001,374,1754,921,533,1173,1612,255,185,1224,316,1071,827,1790,635,1813,1104,584,884,917,621,1411,679,450,645,2114,998,764,377,1528,408,460,313,499,433,522,1464,383,331,1797,786,888,359,996,1342,1030,886,596,577,357,1834,473,856,2155,419,1422,1343,752,560,482,551,980,468,202,126,1329,1253,1212,658,831,2577,1062,854,1265,504,258,1361,1296,2857,1118,483,980,1781,575,478,371,1098,2673,2509,406,1673,392,1893,378,299,384,2545,482,266,1657,379,726,244,1897,1536,669,589,2307,1682,603,396,938,1717,1180,1561,157,1294
2118,6840,5367,2718,3708,2583,3448,3188,3640,1120,332,1071,852,339,996,949,1379,299,1373,2226,806,388,1036,352,533,509,405,1192,953,342,322,1396,556,1201,340,1015,549,967,201,739,387,1089,1324,545,1160,939,179,175,1508,137,1685,629,653,602,1434,243,1337,1754,451,574,396,789,750,626,1250,1040,486,113,1584,614,1294,1165,976,310,2094,1726,388,630,1104,250,1348,1353,622,595,965,373,365,305,1583,315,327,624,238,304,540,1099,795,679,611,408,1528,380,580,326,1079,870,511,562,273,1281,702,1121,1105,461,802,979,1441,968,321,466,870,389,582,141,1111,946,1487,678,252,517,973,1605,2354,423,388,1019,1335,1471,803,292,744,842,361,265,214,1491,1558,861,83,1495,322,2047,351,308,208,962,525,309,855,266,505,78,1538,967,72,433,1089,1249,757,392,768,870,1444,1207,127,469
2569,5391,4360,4290,4777,4618,5668,3570,6285,4432,662,5083,3243,1570,3256,3902,3290,1128,3051,3871,2977,1340,3133,2046,3021,2598,662,3067,2985,2433,1307,4016,496,2541,1366,3362,2994,1874,1562,3490,1321,2069,3413,3091,5300,3293,1580,1542,3681,701,4206,1396,1326,1738,3819,1466,2837,3969,2648,4050,1619,2653,3326,741,6619,2242,681,1612,5448,3678,3703,2883,5082,3038,5967,4218,1596,3260,2662,959,2983,3068,1671,3031,3460,2521,1467,774,6028,1850,2254,1736,1683,988,567,3769,2464,1530,3144,1526,2844,2059,1387,3040,3285,3713,2072,1440,1662,3445,1478,2739,3043,1658,2057,3199,3680,4449,1270,1782,3519,759,1383,859,2012,4681,2750,1463,1624,4176,2277,3968,4341,1255,2718,3324,2587,3800,2553,2515,1358,2930,1678,1423,1399,5656,2955,4113,1892,4623,1733,4559,2377,1600,1659,3160,1458,1583,4210,1259,1319,1577,3857,3454,887,1754,3380,4182,1145,1131,2549,3183,2791,2655,1672,4033
547,1950,1154,2052,2366,958,826,2617,2116,556,72,359,413,1367,1113,1183,667,213,2691,698,543,172,111,190,287,230,212,370,552,184,230,716,92,671,68,310,310,387,199,103,122,1482,344,565,388,231,118,920,1342,69,470,539,318,156,564,195,402,1549,195,1063,206,356,188,137,130,694,222,1535,288,100,534,4266,1974,204,155,549,288,1770,2367,35,587,665,280,605,662,220,158,40,867,372,340,577,136,148,123,411,247,1840,554,382,1908,273,186,250,2298,411,1581,86,193,1162,310,442,815,56,379,751,977,78,340,52,1900,372,478,227,637,2322,1357,358,242,645,183,2233,743,346,375,183,1106,1665,297,486,149,985,192,171,360,601,614,472,129,881,230,1509,197,348,149,573,533,108,2000,63,83,80,1183,392,328,215,870,931,396,217,1363,337,569,799,172,2765
4570,7032,3489,6789,5956,9529,5035,3384,6763,4942,4719,4446,9204,4149,4403,5400,6547,2842,4647,10878,9380,2797,9236,3197,7394,8295,3187,6810,6105,4393,5316,4941,5281,4711,3923,6539,7453,3563,3251,6722,2559,4217,7241,5076,10572,8115,2894,2394,7028,3663,12176,5321,2317,2759,10251,3900,7263,9072,5695,11114,3107,4089,6219,3278,7598,4183,3087,2930,6599,3498,9109,4687,7721,8643,5041,7799,3438,4388,3754,4654,6983,8010,4211,4558,9078,5250,4008,2584,12845,4030,5625,2580,4299,6231,3037,10216,3874,2446,6083,5480,9051,5587,2264,6762,5625,7115,3100,2968,3895,5113,2702,6699,8637,3297,4907,6394,7539,10166,3583,3854,5000,4416,2980,2845,5080,8856,6534,1881,3534,10242,2991,6890,9603,4455,4765,3924,8823,6300,4970,3818,9439,8257,3761,3892,3910,7873,8593,7907,3668,7733,3277,6060,6101,4365,3410,7563,4618,3664,5087,2794,5373,3695,8332,6907,2204,2299,7209,5408,2644,4521,4868,6270,3813,6726,3046,7672
2151,1253,413,1713,1901,3467,1633,852,731,3014,1578,2940,1636,3497,2272,2807,1598,1752,864,8312,6843,1466,7066,1719,6756,5013,622,2963,8549,2647,1473,1038,1014,3264,2122,1509,4616,1594,1941,2759,1126,1237,1477,2410,4172,3416,1460,1114,4444,1762,7524,1935,820,1013,7152,2882,4296,5030,1997,8277,1337,2055,2365,1054,2810,1633,833,1817,1476,1243,2561,3026,3408,5388,3784,3304,2363,1912,1101,1206,5774,2218,2386,6631,6325,3250,1665,9068,3786,1732,904,1014,1590,1951,965,4897,1024,1538,4395,3129,3535,2760,1034,3941,2711,4886,2446,1066,2537,2839,1659,1368,3583,1258,3085,2360,1652,3389,1294,1067,2395,1098,859,1366,2101,2672,2230,1463,2083,7049,1267,2244,1925,2054,2936,2776,1968,2047,2404,1579,7389,4686,854,1668,1770,3440,3904,5155,4906,2351,1255,1026,2647,1599,2067,5544,1521,3429,3785,1052,2194,3973,3977,2644,1291,939,3015,1501,1860,1028,4485,2571,2682,3373,4851,6854
3656,4295,1626,6329,3811,8561,2135,1611,6010,2584,4263,19877,10292,4446,10536,9099,7865,2623,3735,6250,11605,5952,14231,4641,10276,4552,3787,3630,2368,4007,4410,10112,7175,1951,4651,4650,4255,4427,4198,1764,1257,3448,19302,3868,9890,8323,4499,999,2933,1649,18139,1287,2908,1084,21388,2431,6728,11465,7404,2325,3608,11718,9524,4422,3393,4652,4852,1107,5465,6017,15227,3110,7182,6494,14957,19431,3460,6682,4502,6955,5938,3136,1342,3648,2087,3390,7633,1759,23443,3296,3242,1938,3542,5920,5351,19985,2884,1355,473,4323,10869,4555,5989,13842,1489,7591,153,4308,1220,9306,1579,10907,2528,3992,11128,4760,8625,4761,5341,7351,1445,9451,2375,1212,6460,11687,8858,2830,2690,25516,5572,5059,5698,4001,1670,12733,6662,10440,11691,5379,262,3396,4165,8116,6827,16945,11323,18416,4111,5391,3183,19024,5894,2071,4090,4729,7787,3841,3440,4697,4229,1324,6628,14745,3879,2923,4312,12243,3171,4393,12620,5728,8272,5117,154,4197
1977,1686,471,1642,1594,3542,594,692,689,730,5288,2996,1057,3752,2250,3592,2339,1826,1137,6050,3533,2235,3874,1822,3169,4082,674,2264,3860,892,718,1235,2436,4083,1444,2092,2387,1793,1232,2120,1077,1554,1061,2546,4062,2138,1283,1908,3332,1125,8093,2410,1044,1155,6648,932,3656,5899,15874,7286,1168,2652,1631,1629,2762,2895,522,1404,2046,854,2944,2025,2743,1652,3646,4311,1566,1469,1091,1719,5528,1461,2766,1293,4538,2451,1952,189,4053,1129,1361,801,1145,1033,1658,4303,1923,1280,3846,3078,5952,1309,1667,3408,5466,3425,2659,1322,1490,2502,1285,1925,3647,859,3265,2096,3140,764,2034,1017,3003,1173,887,3130,4348,3789,2635,1052,1127,8218,1058,1490,2182,1112,2154,1712,3031,2193,2648,699,2519,4293,878,1277,1882,2374,5497,4941,1246,2684,1036,1492,1247,811,2485,2195,1332,1677,9365,971,1801,154,4837,2314,1536,1218,3200,2562,2043,1191,5868,2263,2885,5343,958,5818
544,346,437,241,529,717,258,479,747,472,548,978,360,2540,704,1195,1554,2515,1097,1325,681,546,29,529,301,1709,79,3050,452,225,232,1485,2684,1321,918,1249,132,548,820,1119,1008,3881,196,863,3449,1287,1987,107,328,404,1606,1199,250,627,867,588,4617,664,5481,776,214,959,315,450,680,2221,113,181,1202,24,2163,3586,1704,317,2092,2715,298,969,388,344,3083,146,404,2417,1513,1634,741,99,3767,1956,636,258,2083,341,1722,707,156,2027,899,1535,181,475,1454,2371,67,802,2027,755,490,1772,319,3847,1057,820,2234,236,1132,1033,712,415,629,1603,1296,2037,684,3768,833,1365,1492,1187,2382,486,2744,1008,1060,680,230,2402,323,343,30,3530,1829,409,1450,590,2122,3574,672,379,743,2280,84,131,706,2455,1389,1324,481,905,237,710,3002,827,26,688,381,933,1034,245,1998,2473,867,233,597,947
7049,2760,2485,2757,5383,5454,5235,4711,4082,6938,55,351,73,474,668,609,989,88,3196,228,272,66,235,296,107,596,29,193,424,197,52,146,42,707,49,68,106,409,98,73,130,178,75,99,185,2957,76,417,201,62,212,117,98,412,256,332,112,140,201,125,281,307,69,80,141,121,94,473,300,267,643,550,138,184,104,199,122,250,73,41,207,342,185,587,93,199,114,8,1364,134,483,167,80,81,34,58,20,201,52,191,229,231,229,402,517,81,286,44,68,843,288,284,796,42,231,189,479,157,37,82,274,305,137,78,121,887,2640,104,201,369,91,242,100,77,351,384,182,200,223,196,160,271,227,19,708,202,828,234,85,336,297,232,26,71,76,277,158,74,414,543,79,327,1651,825,36,21,511,828,161,57,912,97,72,391,46,255
349,669,841,377,585,351,1058,809,1119,945,279,1411,712,237,510,1379,368,301,449,370,141,244,342,317,957,84,157,725,170,234,149,2073,10,172,428,310,243,714,87,585,337,753,1090,467,381,997,174,376,446,25,603,131,124,45,713,151,621,806,302,342,633,745,437,140,37,484,215,155,1577,387,497,748,843,156,1297,453,95,661,1451,102,403,219,167,575,112,233,97,43,1084,107,268,161,122,176,19,824,970,574,463,111,619,122,121,330,265,666,78,179,49,1747,20,637,606,145,213,553,783,1059,208,211,325,87,738,36,1005,1345,267,80,47,1309,1984,864,846,217,87,688,596,682,853,646,28,319,153,80,51,1645,130,1598,108,981,119,1844,69,282,229,189,181,391,312,81,106,222,420,265,57,91,208,2298,241,113,1241,328,1072,678,142,432
390,806,572,446,556,581,504,552,812,319,138,781,601,493,699,586,590,202,575,570,620,276,378,222,389,357,109,479,261,158,123,452,112,498,186,634,356,484,161,327,153,708,698,825,605,468,265,161,532,55,434,295,196,178,809,147,573,720,594,570,176,424,362,189,554,532,161,116,933,177,530,1615,577,191,696,863,180,728,668,170,763,718,240,493,565,340,264,172,1068,194,218,215,153,135,104,648,349,325,433,271,711,165,211,371,538,479,151,185,182,550,109,802,553,126,482,690,738,423,225,247,827,202,257,66,627,639,599,212,164,527,568,474,784,211,143,496,745,722,665,153,375,454,164,160,176,625,663,540,101,713,166,794,140,121,137,588,220,175,739,138,235,78,616,440,207,229,528,857,196,143,454,594,838,597,173,637
1089,1364,564,1453,1385,1634,897,950,1882,1665,335,3810,1663,2294,1128,5052,2140,791,2633,1163,1838,536,1874,935,1198,820,773,1140,972,1705,1206,695,1050,1303,626,1282,1437,1133,878,2029,844,1754,1522,736,1061,1427,1009,719,2709,892,2685,1459,748,678,2620,934,2652,1805,1829,1648,993,535,1767,664,1850,1331,801,1062,2632,1338,1832,1420,2427,1769,1217,2809,817,1094,842,609,1577,1683,1280,2944,1838,1291,532,911,2360,796,1054,821,1013,644,983,3746,1086,992,2359,1311,3344,587,568,1251,5018,1699,1251,685,687,2163,468,1577,2825,761,1197,1733,1218,1466,708,551,1541,846,1126,1265,1836,3253,1762,658,640,1686,1015,3283,1333,698,1127,2086,946,1516,1178,458,1373,2455,581,968,719,4768,864,1184,822,1944,792,1345,1245,1981,1546,913,745,1090,2320,311,580,819,1572,1925,676,369,1923,1720,940,532,3181,1258,1501,832,422,1440
1565,2950,1075,3173,2946,5156,984,1508,1948,1054,2532,3008,2390,3316,3470,3381,1375,3139,1478,4341,6749,4172,5388,3650,7107,6191,1578,2582,5248,1624,1556,3015,5925,4530,5860,3697,5599,3469,1931,2329,1701,2792,3403,3300,7374,2652,4368,1522,5748,1753,8722,4050,1828,1835,11172,2399,5676,6555,4966,10667,1536,3689,2942,3647,2907,2360,3012,1487,3325,1990,5638,4240,8135,3765,7017,6087,2653,2066,3445,2315,8998,2920,3355,3249,8675,4540,3313,1187,5147,3185,2358,1640,1900,3448,3927,8397,2014,1873,4448,4674,5544,2810,2632,5288,6190,3899,2841,2556,2346,4327,1540,3777,4826,1698,5930,3014,2369,3632,2520,2282,5214,3084,1497,4424,5769,8012,3177,2481,1949,10242,1381,4160,5929,3678,3273,3846,4728,4065,3299,1935,4132,5278,1826,3809,4259,4519,9417,6715,3740,3203,1730,2226,2125,1701,3641,5282,2218,3414,6429,1375,3081,1552,4968,3830,3518,946,5105,2066,3582,2372,3569,3338,4047,5578,1694,10484
2261,2074,1475,1986,2390,3316,1170,2402,1772,1044,76,533,595,948,1264,897,1095,158,1604,1291,538,198,1189,221,682,806,52,1695,963,140,176,437,32,883,211,455,552,901,166,626,264,843,948,501,628,1450,62,487,564,44,1113,319,263,145,637,296,1017,840,399,847,399,873,447,153,213,640,73,289,568,160,1900,1555,1397,539,481,1112,56,1247,1400,232,942,1415,331,502,290,432,374,149,2017,586,339,323,150,115,25,701,243,219,1550,481,1054,267,379,380,1353,762,327,251,164,927,151,1899,722,235,338,404,1493,821,139,260,502,80,204,52,827,788,1683,303,356,824,363,586,974,203,420,346,632,1509,554,455,289,885,379,125,184,267,1702,691,116,1163,235,693,237,328,63,1755,255,41,921,320,324,117,1307,1561,383,450,1675,1120,348,184,758,912,649,1397,775,955
765,3227,1803,1893,2033,1664,3363,1235,2183,1231,2253,3991,1242,874,1190,1675,2225,2761,701,6894,3351,1172,1570,1507,5188,4071,1941,854,1784,882,1785,1898,3762,1759,1544,2899,3328,1118,1907,1526,1303,1345,1158,2131,2601,3161,3326,777,5881,1824,6545,1217,2026,2552,3960,1217,1266,2540,2062,5700,1134,867,3738,2829,3586,2010,5713,1217,1551,841,3640,1793,7898,4976,3881,2777,4252,2908,1670,2438,3613,3687,4471,2496,3675,1674,1711,5722,3439,2304,977,893,2088,2250,1657,9203,1245,480,2366,1168,1331,1123,918,1624,2010,3812,983,2235,2726,954,767,1936,6656,1936,3028,1924,1851,2433,1473,1692,1452,3327,925,3217,1465,2574,1448,888,1783,5673,1870,4817,3413,881,1699,2279,1395,2888,1398,1016,4117,3603,1791,3058,3883,2240,3218,1497,2614,1691,1469,1059,1856,2600,2406,2474,2217,1701,4548,814,1323,599,4851,3095,1949,730,3891,815,1065,2031,3008,1017,3918,862,966,3666
2084,1858,787,2033,1572,3068,1308,856,1466,1537,839,1513,2071,9212,3630,2356,2588,1836,1790,6336,4880,3159,5209,2110,5691,5805,173,3832,7095,1068,739,3248,308,7564,3685,7148,8736,4141,1852,2112,1139,4406,2200,4700,7247,3425,1697,1665,6685,325,11119,4582,674,763,10504,2120,6266,7324,4352,8950,1021,12461,2334,384,4543,4387,243,1256,3962,1001,4508,3192,6607,4840,6073,8104,1134,2198,4316,1016,7064,3801,1493,6009,14008,3850,2345,1089,8001,2017,1011,1593,1166,1893,218,8059,1183,2992,5854,4631,3772,1306,1618,6971,13014,6902,2823,1618,2625,5436,3468,4893,4046,970,5769,2889,2541,1757,1183,990,5375,368,1436,512,9827,5675,3241,2346,1570,9428,1165,3204,3667,2024,3303,2456,5461,3210,5822,1077,3729,6304,939,2959,3341,2901,15356,7548,1713,3156,1464,2584,1318,576,2276,9926,960,1674,6558,659,1154,1260,7543,4680,1660,1269,6381,2189,2411,1257,4257,3552,3973,4913,1645,9417
3308,3445,2540,2995,2990,3708,2876,2828,2961,3054,147,776,897,2029,1024,1562,939,169,1712,2060,748,274,1305,249,866,1789,66,592,466,437,127,1630,27,1753,238,1913,1430,787,381,666,439,500,1164,556,1699,1994,128,510,1491,58,770,425,236,245,1049,558,1314,1072,659,1995,399,977,1187,37,1105,963,80,422,1577,370,1504,1170,718,1430,1057,1253,169,983,1069,223,2311,1345,330,1134,2336,394,336,182,2952,434,406,467,230,324,32,2659,91,357,1098,625,834,383,315,847,1375,780,266,219,546,1519,801,1835,1565,281,727,982,998,1181,177,229,1164,120,120,88,626,1351,1224,343,246,899,1100,1047,984,381,395,628,923,2054,525,412,1483,1147,235,358,306,541,2465,2791,412,842,298,1082,279,287,326,1447,205,192,2145,160,120,269,2374,1603,95,292,1275,1697,405,182,911,767,1770,1224,1462,2147
2186,3092,1913,3026,2611,5109,1075,2072,2528,975,789,3739,5155,3652,3673,3434,4485,1252,2595,2399,4243,2264,3070,1465,2836,2389,1291,3654,2855,511,1214,2902,1827,3186,2313,2000,2121,2935,857,1398,2525,3553,6357,1967,6546,3996,1996,1182,3240,538,3365,1221,1678,1262,5575,1071,3175,3406,2711,5463,1839,3942,3759,2470,3787,3597,2296,729,5092,817,4424,6737,3664,1388,8533,4015,969,4488,6924,1685,5644,5278,2289,2346,4330,2040,1371,491,5160,2258,1832,1235,1233,2987,1153,4939,1794,233,6581,2353,6859,1880,2984,3412,205,3769,2733,1528,1656,3000,1224,7783,2812,1276,3711,5100,4070,2469,1516,1876,7743,2156,828,791,4128,2354,2989,1536,1458,5049,6121,2394,7523,1285,695,3918,4655,5095,5406,1494,2240,2769,2662,2255,2330,2976,7242,4033,1334,4901,1311,4290,1366,879,681,2687,1137,885,2957,1905,2494,259,4385,2924,1038,1732,4137,4638,1599,1630,2651,5565,4174,4245,98,1782
1090,1888,1456,1627,1465,2200,1161,1227,1413,819,546,1337,1221,452,1870,1566,1758,824,990,5208,2492,1611,2737,524,3628,2683,159,1649,2981,551,512,2457,301,2171,1092,2019,3766,1149,849,1279,675,1520,1829,2133,3098,2529,421,800,3149,221,3414,1631,508,667,3318,640,2634,3833,2550,4660,656,1481,2175,287,2231,2295,275,725,1760,954,2982,3852,3687,2055,2117,1986,703,1458,2136,617,3915,1860,757,2245,3974,1406,1180,330,4738,871,575,736,577,954,92,3383,624,823,2315,1534,1677,778,853,1939,2373,2227,855,846,811,2827,638,1830,3274,573,1676,1703,1773,2189,1347,697,1712,301,527,188,2873,3728,1784,946,1053,3315,992,2063,2040,1282,1492,1604,2547,3111,1795,913,2294,2610,409,1047,902,1895,4561,3780,707,936,774,1666,691,653,705,2515,716,1081,3172,461,1216,598,2536,1813,525,515,2309,1349,1189,566,2508,2732,1924,1808,1286,4166
256,1020,1093,408,567,366,563,619,612,206,130,436,570,211,632,309,465,53,498,690,371,82,176,54,238,269,32,369,560,41,87,507,17,299,42,339,274,259,60,418,90,351,467,304,278,335,64,108,595,14,440,220,72,76,305,41,428,439,628,606,100,305,294,23,304,264,46,120,467,70,480,401,502,127,456,403,79,485,593,88,460,479,89,151,478,82,105,13,793,82,91,122,30,44,13,400,160,118,216,154,228,94,82,201,714,338,99,80,76,320,122,184,384,119,314,681,428,368,143,158,781,52,70,35,366,503,420,106,34,285,302,612,572,125,82,115,519,682,218,106,281,410,48,64,70,309,536,278,39,753,93,578,87,111,42,327,154,84,504,49,109,67,418,220,47,52,432,527,87,74,233,324,340,290,129,644
75,1196,947,732,838,128,741,420,487,152,194,565,160,78,247,152,458,26,92,433,193,38,105,13,108,202,96,128,230,6,10,283,155,76,36,259,295,75,68,174,103,154,191,65,134,187,180,34,705,34,602,88,63,79,148,10,320,872,138,81,88,16,380,94,102,222,92,32,57,46,274,106,478,148,241,71,239,250,323,29,325,70,70,146,180,110,91,536,179,64,46,51,108,109,44,246,5,61,122,46,177,60,61,207,349,83,17,67,91,81,255,63,392,43,162,99,53,106,91,306,213,20,46,307,692,249,104,55,32,228,191,352,216,40,260,175,422,124,76,97,55,221,52,68,75,297,89,175,11,165,173,304,86,145,28,126,44,84,360,132,242,22,111,69,105,29,82,132,122,157,76,389,149,199,15,166
6429,10372,8965,7547,9041,9650,10480,7604,13572,13067,91,461,2337,1246,2859,2610,1889,194,6962,1360,4883,1275,7680,1240,4023,3412,103,2687,2737,1514,2096,2133,51,1587,1364,563,3633,2317,361,400,774,2419,1410,787,4687,4714,683,1784,2368,84,2165,7865,540,676,3521,881,2581,1844,3014,1583,977,6750,274,199,1502,721,235,503,3725,1895,4811,3216,2044,1890,2322,4647,557,1981,2463,112,3883,3912,877,5293,3384,1809,1401,490,8093,938,942,1678,1041,635,125,785,289,1651,1048,929,880,585,682,3520,1315,1482,1946,386,577,3816,453,1178,2678,429,1538,1558,9231,3854,1541,608,6257,347,1776,77,2537,2473,7866,983,574,1975,3218,2707,1127,803,404,2112,2705,3570,2981,1204,1206,2310,1056,727,650,291,7835,1443,1189,9083,734,1102,606,457,756,2044,609,574,2566,850,829,1223,5680,3926,632,979,3757,3038,885,428,1346,337,2357,885,673,1240
555,534,209,645,649,1314,496,507,857,722,155,649,786,199,387,636,528,174,607,658,693,168,811,257,688,387,337,559,276,260,379,678,220,196,272,486,467,316,194,371,380,491,778,304,567,578,240,139,240,254,687,141,333,149,1066,266,682,562,382,337,326,457,552,283,253,274,421,144,614,189,475,216,907,599,463,769,152,334,468,232,661,685,392,458,344,178,660,805,946,317,216,171,294,629,172,703,318,302,259,270,408,351,273,582,332,310,108,164,152,750,231,635,595,204,355,482,904,707,228,364,285,473,229,159,265,622,762,153,219,1009,2381,471,537,249,323,309,428,528,567,243,348,416,234,169,271,504,727,747,150,738,248,564,544,287,235,471,202,395,300,336,142,394,766,592,157,189,357,465,213,171,341,457,300,574,321,325
312,628,414,548,612,582,295,446,577,205,171,630,451,321,495,489,393,189,392,608,574,173,230,180,271,299,161,298,442,137,126,387,229,343,121,410,294,233,157,188,104,486,395,480,482,328,303,213,436,88,533,300,124,123,361,104,445,627,356,521,126,337,311,190,239,292,272,130,513,202,462,629,1533,211,605,388,200,609,499,182,410,280,275,434,394,198,190,55,596,210,229,130,185,182,263,410,263,315,327,235,496,117,235,322,569,247,193,158,118,379,128,416,635,147,369,324,459,234,140,250,521,220,88,149,447,5664,383,152,191,618,307,489,530,163,243,531,585,618,320,144,194,527,131,183,302,536,463,452,135,534,150,461,119,160,165,727,200,132,543,218,258,85,545,315,105,134,387,361,178,132,455,395,722,515,197,535
1309,4672,3091,2438,2599,1742,2930,1799,2773,1888,65,544,1213,302,2410,1774,1541,87,1609,971,664,579,371,293,630,446,224,694,885,191,290,1604,206,431,388,1597,703,399,118,342,169,293,1618,1017,425,1814,264,188,1785,319,1094,199,232,455,1274,233,1107,672,690,662,538,524,751,109,184,593,378,782,3495,532,1955,704,3111,460,1675,197,254,1754,1238,90,1097,1580,330,793,565,148,139,72,1110,242,339,939,148,423,120,445,82,172,878,70,1297,473,91,649,982,560,167,454,312,1008,92,253,808,95,791,1234,297,247,488,332,2755,392,479,279,1733,988,1085,268,189,860,325,2472,1475,342,194,365,1706,2333,2022,711,149,1482,257,314,248,1644,560,405,231,1446,639,1649,215,931,285,1061,685,253,1932,209,729,559,1202,444,49,94,667,1306,100,288,460,482,666,773,516,1138
